method,N,seed,near_P@30,near_Recall@30,near_P@100,near_Recall@100,strict_Recall@30,strict_Recall@100
MutCount (0 labels),20,0,0.13333333333333333,0.16666666666666663,0.08000000000000002,0.33333333333333326,0.4000000000000001,0.4000000000000001
Random,20,0,0.0,0.0,0.04000000000000001,0.16666666666666663,0.0,0.0
Ridge(compact),20,0,0.26666666666666666,0.33333333333333326,0.19,0.7916666666666665,0.20000000000000004,0.8000000000000002
MutCount (0 labels),20,1,0.13333333333333333,0.16666666666666663,0.08000000000000002,0.33333333333333326,0.4000000000000001,0.4000000000000001
Random,20,1,0.10000000000000002,0.125,0.04000000000000001,0.16666666666666663,0.4000000000000001,0.4000000000000001
Ridge(compact),20,1,0.26666666666666666,0.33333333333333326,0.14000000000000004,0.5833333333333335,0.4000000000000001,0.5999999999999999
MutCount (0 labels),20,2,0.13333333333333333,0.16666666666666663,0.08000000000000002,0.33333333333333326,0.4000000000000001,0.4000000000000001
Random,20,2,0.03333333333333333,0.04166666666666666,0.030000000000000006,0.125,0.0,0.20000000000000004
Ridge(compact),20,2,0.29999999999999993,0.375,0.16999999999999998,0.7083333333333335,0.5999999999999999,0.5999999999999999
MutCount (0 labels),20,3,0.13333333333333333,0.16666666666666663,0.08000000000000002,0.33333333333333326,0.4000000000000001,0.4000000000000001
Random,20,3,0.06666666666666667,0.08333333333333331,0.030000000000000006,0.125,0.0,0.20000000000000004
Ridge(compact),20,3,0.10000000000000002,0.125,0.11000000000000001,0.45833333333333337,0.20000000000000004,0.8000000000000002
MutCount (0 labels),20,4,0.13333333333333333,0.16666666666666663,0.08000000000000002,0.33333333333333326,0.4000000000000001,0.4000000000000001
Random,20,4,0.13333333333333333,0.16666666666666663,0.08000000000000002,0.33333333333333326,0.4000000000000001,0.4000000000000001
Ridge(compact),20,4,0.23333333333333334,0.29166666666666674,0.16000000000000003,0.6666666666666665,0.20000000000000004,0.4000000000000001
MutCount (0 labels),20,5,0.13333333333333333,0.16666666666666663,0.08000000000000002,0.33333333333333326,0.4000000000000001,0.4000000000000001
Random,20,5,0.06666666666666667,0.08333333333333331,0.07000000000000002,0.29166666666666674,0.0,0.4000000000000001
Ridge(compact),20,5,0.0,0.0,0.07000000000000002,0.29166666666666674,0.0,0.0
MutCount (0 labels),20,6,0.13333333333333333,0.16666666666666663,0.08000000000000002,0.33333333333333326,0.4000000000000001,0.4000000000000001
Random,20,6,0.06666666666666667,0.08333333333333331,0.04000000000000001,0.16666666666666663,0.20000000000000004,0.20000000000000004
Ridge(compact),20,6,0.20000000000000004,0.25,0.14000000000000004,0.5833333333333335,0.8000000000000002,0.8000000000000002
MutCount (0 labels),20,7,0.13333333333333333,0.16666666666666663,0.08000000000000002,0.33333333333333326,0.4000000000000001,0.4000000000000001
Random,20,7,0.06666666666666667,0.08333333333333331,0.05000000000000001,0.20833333333333334,0.0,0.20000000000000004
Ridge(compact),20,7,0.33333333333333326,0.4166666666666667,0.19,0.7916666666666665,0.20000000000000004,0.8000000000000002
MutCount (0 labels),20,8,0.13333333333333333,0.16666666666666663,0.08000000000000002,0.33333333333333326,0.4000000000000001,0.4000000000000001
Random,20,8,0.03333333333333333,0.04166666666666666,0.05000000000000001,0.20833333333333334,0.20000000000000004,0.5999999999999999
Ridge(compact),20,8,0.23333333333333334,0.29166666666666674,0.14999999999999997,0.625,0.4000000000000001,0.5999999999999999
MutCount (0 labels),20,9,0.13333333333333333,0.16666666666666663,0.08000000000000002,0.33333333333333326,0.4000000000000001,0.4000000000000001
Random,20,9,0.10000000000000002,0.125,0.08000000000000002,0.33333333333333326,0.0,0.20000000000000004
Ridge(compact),20,9,0.23333333333333334,0.29166666666666674,0.14000000000000004,0.5833333333333335,0.20000000000000004,0.5999999999999999
MutCount (0 labels),20,10,0.13333333333333333,0.16666666666666663,0.08000000000000002,0.33333333333333326,0.4000000000000001,0.4000000000000001
Random,20,10,0.10000000000000002,0.125,0.10000000000000002,0.4166666666666667,0.20000000000000004,0.4000000000000001
Ridge(compact),20,10,0.13333333333333333,0.16666666666666663,0.10000000000000002,0.4166666666666667,0.4000000000000001,0.4000000000000001
MutCount (0 labels),20,11,0.13333333333333333,0.16666666666666663,0.08000000000000002,0.33333333333333326,0.4000000000000001,0.4000000000000001
Random,20,11,0.10000000000000002,0.125,0.04000000000000001,0.16666666666666663,0.0,0.0
Ridge(compact),20,11,0.03333333333333333,0.04166666666666666,0.05000000000000001,0.20833333333333334,0.0,0.20000000000000004
MutCount (0 labels),20,12,0.13333333333333333,0.16666666666666663,0.08000000000000002,0.33333333333333326,0.4000000000000001,0.4000000000000001
Random,20,12,0.06666666666666667,0.08333333333333331,0.07000000000000002,0.29166666666666674,0.20000000000000004,0.20000000000000004
Ridge(compact),20,12,0.26666666666666666,0.33333333333333326,0.14000000000000004,0.5833333333333335,0.4000000000000001,0.4000000000000001
MutCount (0 labels),20,13,0.13333333333333333,0.16666666666666663,0.08000000000000002,0.33333333333333326,0.4000000000000001,0.4000000000000001
Random,20,13,0.10000000000000002,0.125,0.10000000000000002,0.4166666666666667,0.0,0.5999999999999999
Ridge(compact),20,13,0.13333333333333333,0.16666666666666663,0.12999999999999998,0.5416666666666665,0.0,0.5999999999999999
MutCount (0 labels),20,14,0.13333333333333333,0.16666666666666663,0.08000000000000002,0.33333333333333326,0.4000000000000001,0.4000000000000001
Random,20,14,0.03333333333333333,0.04166666666666666,0.04000000000000001,0.16666666666666663,0.0,0.4000000000000001
Ridge(compact),20,14,0.16666666666666663,0.20833333333333334,0.12999999999999998,0.5416666666666665,0.4000000000000001,0.4000000000000001
MutCount (0 labels),20,15,0.13333333333333333,0.16666666666666663,0.08000000000000002,0.33333333333333326,0.4000000000000001,0.4000000000000001
Random,20,15,0.13333333333333333,0.16666666666666663,0.08000000000000002,0.33333333333333326,0.0,0.20000000000000004
Ridge(compact),20,15,0.33333333333333326,0.4166666666666667,0.14000000000000004,0.5833333333333335,0.20000000000000004,0.4000000000000001
MutCount (0 labels),20,16,0.13333333333333333,0.16666666666666663,0.08000000000000002,0.33333333333333326,0.4000000000000001,0.4000000000000001
Random,20,16,0.10000000000000002,0.125,0.05000000000000001,0.20833333333333334,0.0,0.0
Ridge(compact),20,16,0.13333333333333333,0.16666666666666663,0.12999999999999998,0.5416666666666665,0.4000000000000001,0.4000000000000001
MutCount (0 labels),20,17,0.13333333333333333,0.16666666666666663,0.08000000000000002,0.33333333333333326,0.4000000000000001,0.4000000000000001
Random,20,17,0.03333333333333333,0.04166666666666666,0.030000000000000006,0.125,0.0,0.20000000000000004
Ridge(compact),20,17,0.23333333333333334,0.29166666666666674,0.14999999999999997,0.625,0.20000000000000004,0.5999999999999999
MutCount (0 labels),20,18,0.13333333333333333,0.16666666666666663,0.08000000000000002,0.33333333333333326,0.4000000000000001,0.4000000000000001
Random,20,18,0.06666666666666667,0.08333333333333331,0.05000000000000001,0.20833333333333334,0.20000000000000004,0.20000000000000004
Ridge(compact),20,18,0.13333333333333333,0.16666666666666663,0.07000000000000002,0.29166666666666674,0.4000000000000001,0.4000000000000001
MutCount (0 labels),20,19,0.13333333333333333,0.16666666666666663,0.08000000000000002,0.33333333333333326,0.4000000000000001,0.4000000000000001
Random,20,19,0.0,0.0,0.04000000000000001,0.16666666666666663,0.0,0.20000000000000004
Ridge(compact),20,19,0.20000000000000004,0.25,0.16000000000000003,0.6666666666666665,0.4000000000000001,0.5999999999999999
MutCount (0 labels),50,0,0.13333333333333333,0.16666666666666663,0.08000000000000002,0.33333333333333326,0.4000000000000001,0.4000000000000001
Random,50,0,0.0,0.0,0.04000000000000001,0.16666666666666663,0.0,0.0
Ridge(compact),50,0,0.23333333333333334,0.29166666666666674,0.19,0.7916666666666665,0.4000000000000001,0.8000000000000002
MutCount (0 labels),50,1,0.13333333333333333,0.16666666666666663,0.08000000000000002,0.33333333333333326,0.4000000000000001,0.4000000000000001
Random,50,1,0.10000000000000002,0.125,0.04000000000000001,0.16666666666666663,0.4000000000000001,0.4000000000000001
Ridge(compact),50,1,0.26666666666666666,0.33333333333333326,0.16000000000000003,0.6666666666666665,0.20000000000000004,0.5999999999999999
MutCount (0 labels),50,2,0.13333333333333333,0.16666666666666663,0.08000000000000002,0.33333333333333326,0.4000000000000001,0.4000000000000001
Random,50,2,0.03333333333333333,0.04166666666666666,0.030000000000000006,0.125,0.0,0.20000000000000004
Ridge(compact),50,2,0.3666666666666666,0.45833333333333337,0.19,0.7916666666666665,0.4000000000000001,0.5999999999999999
MutCount (0 labels),50,3,0.13333333333333333,0.16666666666666663,0.08000000000000002,0.33333333333333326,0.4000000000000001,0.4000000000000001
Random,50,3,0.06666666666666667,0.08333333333333331,0.030000000000000006,0.125,0.0,0.20000000000000004
Ridge(compact),50,3,0.16666666666666663,0.20833333333333334,0.16999999999999998,0.7083333333333335,0.20000000000000004,0.8000000000000002
MutCount (0 labels),50,4,0.13333333333333333,0.16666666666666663,0.08000000000000002,0.33333333333333326,0.4000000000000001,0.4000000000000001
Random,50,4,0.13333333333333333,0.16666666666666663,0.08000000000000002,0.33333333333333326,0.4000000000000001,0.4000000000000001
Ridge(compact),50,4,0.23333333333333334,0.29166666666666674,0.16999999999999998,0.7083333333333335,0.20000000000000004,0.5999999999999999
MutCount (0 labels),50,5,0.13333333333333333,0.16666666666666663,0.08000000000000002,0.33333333333333326,0.4000000000000001,0.4000000000000001
Random,50,5,0.06666666666666667,0.08333333333333331,0.07000000000000002,0.29166666666666674,0.0,0.4000000000000001
Ridge(compact),50,5,0.16666666666666663,0.20833333333333334,0.16999999999999998,0.7083333333333335,0.4000000000000001,0.5999999999999999
MutCount (0 labels),50,6,0.13333333333333333,0.16666666666666663,0.08000000000000002,0.33333333333333326,0.4000000000000001,0.4000000000000001
Random,50,6,0.06666666666666667,0.08333333333333331,0.04000000000000001,0.16666666666666663,0.20000000000000004,0.20000000000000004
Ridge(compact),50,6,0.26666666666666666,0.33333333333333326,0.19,0.7916666666666665,0.5999999999999999,0.8000000000000002
MutCount (0 labels),50,7,0.13333333333333333,0.16666666666666663,0.08000000000000002,0.33333333333333326,0.4000000000000001,0.4000000000000001
Random,50,7,0.06666666666666667,0.08333333333333331,0.05000000000000001,0.20833333333333334,0.0,0.20000000000000004
Ridge(compact),50,7,0.23333333333333334,0.29166666666666674,0.20000000000000004,0.8333333333333334,0.5999999999999999,1.0
MutCount (0 labels),50,8,0.13333333333333333,0.16666666666666663,0.08000000000000002,0.33333333333333326,0.4000000000000001,0.4000000000000001
Random,50,8,0.03333333333333333,0.04166666666666666,0.05000000000000001,0.20833333333333334,0.20000000000000004,0.5999999999999999
Ridge(compact),50,8,0.16666666666666663,0.20833333333333334,0.20000000000000004,0.8333333333333334,0.4000000000000001,1.0
MutCount (0 labels),50,9,0.13333333333333333,0.16666666666666663,0.08000000000000002,0.33333333333333326,0.4000000000000001,0.4000000000000001
Random,50,9,0.10000000000000002,0.125,0.08000000000000002,0.33333333333333326,0.0,0.20000000000000004
Ridge(compact),50,9,0.10000000000000002,0.125,0.16000000000000003,0.6666666666666665,0.20000000000000004,0.8000000000000002
MutCount (0 labels),50,10,0.13333333333333333,0.16666666666666663,0.08000000000000002,0.33333333333333326,0.4000000000000001,0.4000000000000001
Random,50,10,0.10000000000000002,0.125,0.10000000000000002,0.4166666666666667,0.20000000000000004,0.4000000000000001
Ridge(compact),50,10,0.16666666666666663,0.20833333333333334,0.14999999999999997,0.625,0.0,0.20000000000000004
MutCount (0 labels),50,11,0.13333333333333333,0.16666666666666663,0.08000000000000002,0.33333333333333326,0.4000000000000001,0.4000000000000001
Random,50,11,0.10000000000000002,0.125,0.04000000000000001,0.16666666666666663,0.0,0.0
Ridge(compact),50,11,0.20000000000000004,0.25,0.14000000000000004,0.5833333333333335,0.0,0.20000000000000004
MutCount (0 labels),50,12,0.13333333333333333,0.16666666666666663,0.08000000000000002,0.33333333333333326,0.4000000000000001,0.4000000000000001
Random,50,12,0.06666666666666667,0.08333333333333331,0.07000000000000002,0.29166666666666674,0.20000000000000004,0.20000000000000004
Ridge(compact),50,12,0.33333333333333326,0.4166666666666667,0.18000000000000002,0.75,0.5999999999999999,0.8000000000000002
MutCount (0 labels),50,13,0.13333333333333333,0.16666666666666663,0.08000000000000002,0.33333333333333326,0.4000000000000001,0.4000000000000001
Random,50,13,0.10000000000000002,0.125,0.10000000000000002,0.4166666666666667,0.0,0.5999999999999999
Ridge(compact),50,13,0.13333333333333333,0.16666666666666663,0.14999999999999997,0.625,0.0,0.5999999999999999
MutCount (0 labels),50,14,0.13333333333333333,0.16666666666666663,0.08000000000000002,0.33333333333333326,0.4000000000000001,0.4000000000000001
Random,50,14,0.03333333333333333,0.04166666666666666,0.04000000000000001,0.16666666666666663,0.0,0.4000000000000001
Ridge(compact),50,14,0.06666666666666667,0.08333333333333331,0.12000000000000002,0.5,0.0,0.4000000000000001
MutCount (0 labels),50,15,0.13333333333333333,0.16666666666666663,0.08000000000000002,0.33333333333333326,0.4000000000000001,0.4000000000000001
Random,50,15,0.13333333333333333,0.16666666666666663,0.08000000000000002,0.33333333333333326,0.0,0.20000000000000004
Ridge(compact),50,15,0.26666666666666666,0.33333333333333326,0.16000000000000003,0.6666666666666665,0.5999999999999999,0.5999999999999999
MutCount (0 labels),50,16,0.13333333333333333,0.16666666666666663,0.08000000000000002,0.33333333333333326,0.4000000000000001,0.4000000000000001
Random,50,16,0.10000000000000002,0.125,0.05000000000000001,0.20833333333333334,0.0,0.0
Ridge(compact),50,16,0.3666666666666666,0.45833333333333337,0.18000000000000002,0.75,0.5999999999999999,0.8000000000000002
MutCount (0 labels),50,17,0.13333333333333333,0.16666666666666663,0.08000000000000002,0.33333333333333326,0.4000000000000001,0.4000000000000001
Random,50,17,0.03333333333333333,0.04166666666666666,0.030000000000000006,0.125,0.0,0.20000000000000004
Ridge(compact),50,17,0.20000000000000004,0.25,0.18000000000000002,0.75,0.20000000000000004,0.8000000000000002
MutCount (0 labels),50,18,0.13333333333333333,0.16666666666666663,0.08000000000000002,0.33333333333333326,0.4000000000000001,0.4000000000000001
Random,50,18,0.06666666666666667,0.08333333333333331,0.05000000000000001,0.20833333333333334,0.20000000000000004,0.20000000000000004
Ridge(compact),50,18,0.23333333333333334,0.29166666666666674,0.14999999999999997,0.625,0.5999999999999999,0.8000000000000002
MutCount (0 labels),50,19,0.13333333333333333,0.16666666666666663,0.08000000000000002,0.33333333333333326,0.4000000000000001,0.4000000000000001
Random,50,19,0.0,0.0,0.04000000000000001,0.16666666666666663,0.0,0.20000000000000004
Ridge(compact),50,19,0.13333333333333333,0.16666666666666663,0.19,0.7916666666666665,0.0,1.0
MutCount (0 labels),100,0,0.13333333333333333,0.16666666666666663,0.08000000000000002,0.33333333333333326,0.4000000000000001,0.4000000000000001
Random,100,0,0.0,0.0,0.04000000000000001,0.16666666666666663,0.0,0.0
Ridge(compact),100,0,0.26666666666666666,0.33333333333333326,0.20000000000000004,0.8333333333333334,0.5999999999999999,0.8000000000000002
MutCount (0 labels),100,1,0.13333333333333333,0.16666666666666663,0.08000000000000002,0.33333333333333326,0.4000000000000001,0.4000000000000001
Random,100,1,0.10000000000000002,0.125,0.04000000000000001,0.16666666666666663,0.4000000000000001,0.4000000000000001
Ridge(compact),100,1,0.13333333333333333,0.16666666666666663,0.16999999999999998,0.7083333333333335,0.0,1.0
MutCount (0 labels),100,2,0.13333333333333333,0.16666666666666663,0.08000000000000002,0.33333333333333326,0.4000000000000001,0.4000000000000001
Random,100,2,0.03333333333333333,0.04166666666666666,0.030000000000000006,0.125,0.0,0.20000000000000004
Ridge(compact),100,2,0.29999999999999993,0.375,0.16999999999999998,0.7083333333333335,0.5999999999999999,0.5999999999999999
MutCount (0 labels),100,3,0.13333333333333333,0.16666666666666663,0.08000000000000002,0.33333333333333326,0.4000000000000001,0.4000000000000001
Random,100,3,0.06666666666666667,0.08333333333333331,0.030000000000000006,0.125,0.0,0.20000000000000004
Ridge(compact),100,3,0.20000000000000004,0.25,0.19,0.7916666666666665,0.0,0.8000000000000002
MutCount (0 labels),100,4,0.13333333333333333,0.16666666666666663,0.08000000000000002,0.33333333333333326,0.4000000000000001,0.4000000000000001
Random,100,4,0.13333333333333333,0.16666666666666663,0.08000000000000002,0.33333333333333326,0.4000000000000001,0.4000000000000001
Ridge(compact),100,4,0.23333333333333334,0.29166666666666674,0.18000000000000002,0.75,0.0,0.5999999999999999
MutCount (0 labels),100,5,0.13333333333333333,0.16666666666666663,0.08000000000000002,0.33333333333333326,0.4000000000000001,0.4000000000000001
Random,100,5,0.06666666666666667,0.08333333333333331,0.07000000000000002,0.29166666666666674,0.0,0.4000000000000001
Ridge(compact),100,5,0.23333333333333334,0.29166666666666674,0.19,0.7916666666666665,0.20000000000000004,0.5999999999999999
MutCount (0 labels),100,6,0.13333333333333333,0.16666666666666663,0.08000000000000002,0.33333333333333326,0.4000000000000001,0.4000000000000001
Random,100,6,0.06666666666666667,0.08333333333333331,0.04000000000000001,0.16666666666666663,0.20000000000000004,0.20000000000000004
Ridge(compact),100,6,0.29999999999999993,0.375,0.19,0.7916666666666665,0.4000000000000001,0.8000000000000002
MutCount (0 labels),100,7,0.13333333333333333,0.16666666666666663,0.08000000000000002,0.33333333333333326,0.4000000000000001,0.4000000000000001
Random,100,7,0.06666666666666667,0.08333333333333331,0.05000000000000001,0.20833333333333334,0.0,0.20000000000000004
Ridge(compact),100,7,0.10000000000000002,0.125,0.16999999999999998,0.7083333333333335,0.20000000000000004,1.0
MutCount (0 labels),100,8,0.13333333333333333,0.16666666666666663,0.08000000000000002,0.33333333333333326,0.4000000000000001,0.4000000000000001
Random,100,8,0.03333333333333333,0.04166666666666666,0.05000000000000001,0.20833333333333334,0.20000000000000004,0.5999999999999999
Ridge(compact),100,8,0.3666666666666666,0.45833333333333337,0.18000000000000002,0.75,0.4000000000000001,0.5999999999999999
MutCount (0 labels),100,9,0.13333333333333333,0.16666666666666663,0.08000000000000002,0.33333333333333326,0.4000000000000001,0.4000000000000001
Random,100,9,0.10000000000000002,0.125,0.08000000000000002,0.33333333333333326,0.0,0.20000000000000004
Ridge(compact),100,9,0.20000000000000004,0.25,0.14999999999999997,0.625,0.4000000000000001,0.8000000000000002
MutCount (0 labels),100,10,0.13333333333333333,0.16666666666666663,0.08000000000000002,0.33333333333333326,0.4000000000000001,0.4000000000000001
Random,100,10,0.10000000000000002,0.125,0.10000000000000002,0.4166666666666667,0.20000000000000004,0.4000000000000001
Ridge(compact),100,10,0.20000000000000004,0.25,0.16999999999999998,0.7083333333333335,0.0,0.4000000000000001
MutCount (0 labels),100,11,0.13333333333333333,0.16666666666666663,0.08000000000000002,0.33333333333333326,0.4000000000000001,0.4000000000000001
Random,100,11,0.10000000000000002,0.125,0.04000000000000001,0.16666666666666663,0.0,0.0
Ridge(compact),100,11,0.20000000000000004,0.25,0.16999999999999998,0.7083333333333335,0.0,0.4000000000000001
MutCount (0 labels),100,12,0.13333333333333333,0.16666666666666663,0.08000000000000002,0.33333333333333326,0.4000000000000001,0.4000000000000001
Random,100,12,0.06666666666666667,0.08333333333333331,0.07000000000000002,0.29166666666666674,0.20000000000000004,0.20000000000000004
Ridge(compact),100,12,0.33333333333333326,0.4166666666666667,0.19,0.7916666666666665,0.4000000000000001,0.8000000000000002
MutCount (0 labels),100,13,0.13333333333333333,0.16666666666666663,0.08000000000000002,0.33333333333333326,0.4000000000000001,0.4000000000000001
Random,100,13,0.10000000000000002,0.125,0.10000000000000002,0.4166666666666667,0.0,0.5999999999999999
Ridge(compact),100,13,0.20000000000000004,0.25,0.19,0.7916666666666665,0.4000000000000001,0.8000000000000002
MutCount (0 labels),100,14,0.13333333333333333,0.16666666666666663,0.08000000000000002,0.33333333333333326,0.4000000000000001,0.4000000000000001
Random,100,14,0.03333333333333333,0.04166666666666666,0.04000000000000001,0.16666666666666663,0.0,0.4000000000000001
Ridge(compact),100,14,0.20000000000000004,0.25,0.14999999999999997,0.625,0.4000000000000001,0.5999999999999999
MutCount (0 labels),100,15,0.13333333333333333,0.16666666666666663,0.08000000000000002,0.33333333333333326,0.4000000000000001,0.4000000000000001
Random,100,15,0.13333333333333333,0.16666666666666663,0.08000000000000002,0.33333333333333326,0.0,0.20000000000000004
Ridge(compact),100,15,0.26666666666666666,0.33333333333333326,0.21000000000000002,0.875,0.4000000000000001,1.0
MutCount (0 labels),100,16,0.13333333333333333,0.16666666666666663,0.08000000000000002,0.33333333333333326,0.4000000000000001,0.4000000000000001
Random,100,16,0.10000000000000002,0.125,0.05000000000000001,0.20833333333333334,0.0,0.0
Ridge(compact),100,16,0.26666666666666666,0.33333333333333326,0.19,0.7916666666666665,0.5999999999999999,0.8000000000000002
MutCount (0 labels),100,17,0.13333333333333333,0.16666666666666663,0.08000000000000002,0.33333333333333326,0.4000000000000001,0.4000000000000001
Random,100,17,0.03333333333333333,0.04166666666666666,0.030000000000000006,0.125,0.0,0.20000000000000004
Ridge(compact),100,17,0.29999999999999993,0.375,0.20000000000000004,0.8333333333333334,0.4000000000000001,1.0
MutCount (0 labels),100,18,0.13333333333333333,0.16666666666666663,0.08000000000000002,0.33333333333333326,0.4000000000000001,0.4000000000000001
Random,100,18,0.06666666666666667,0.08333333333333331,0.05000000000000001,0.20833333333333334,0.20000000000000004,0.20000000000000004
Ridge(compact),100,18,0.29999999999999993,0.375,0.19,0.7916666666666665,0.4000000000000001,0.8000000000000002
MutCount (0 labels),100,19,0.13333333333333333,0.16666666666666663,0.08000000000000002,0.33333333333333326,0.4000000000000001,0.4000000000000001
Random,100,19,0.0,0.0,0.04000000000000001,0.16666666666666663,0.0,0.20000000000000004
Ridge(compact),100,19,0.16666666666666663,0.20833333333333334,0.14000000000000004,0.5833333333333335,0.20000000000000004,0.8000000000000002
MutCount (0 labels),200,0,0.13333333333333333,0.16666666666666663,0.08000000000000002,0.33333333333333326,0.4000000000000001,0.4000000000000001
Random,200,0,0.0,0.0,0.04000000000000001,0.16666666666666663,0.0,0.0
Ridge(compact),200,0,0.3666666666666666,0.45833333333333337,0.19,0.7916666666666665,0.4000000000000001,0.8000000000000002
MutCount (0 labels),200,1,0.13333333333333333,0.16666666666666663,0.08000000000000002,0.33333333333333326,0.4000000000000001,0.4000000000000001
Random,200,1,0.10000000000000002,0.125,0.04000000000000001,0.16666666666666663,0.4000000000000001,0.4000000000000001
Ridge(compact),200,1,0.16666666666666663,0.20833333333333334,0.14999999999999997,0.625,0.4000000000000001,0.8000000000000002
MutCount (0 labels),200,2,0.13333333333333333,0.16666666666666663,0.08000000000000002,0.33333333333333326,0.4000000000000001,0.4000000000000001
Random,200,2,0.03333333333333333,0.04166666666666666,0.030000000000000006,0.125,0.0,0.20000000000000004
Ridge(compact),200,2,0.33333333333333326,0.4166666666666667,0.18000000000000002,0.75,0.4000000000000001,1.0
MutCount (0 labels),200,3,0.13333333333333333,0.16666666666666663,0.08000000000000002,0.33333333333333326,0.4000000000000001,0.4000000000000001
Random,200,3,0.06666666666666667,0.08333333333333331,0.030000000000000006,0.125,0.0,0.20000000000000004
Ridge(compact),200,3,0.16666666666666663,0.20833333333333334,0.19,0.7916666666666665,0.20000000000000004,0.8000000000000002
MutCount (0 labels),200,4,0.13333333333333333,0.16666666666666663,0.08000000000000002,0.33333333333333326,0.4000000000000001,0.4000000000000001
Random,200,4,0.13333333333333333,0.16666666666666663,0.08000000000000002,0.33333333333333326,0.4000000000000001,0.4000000000000001
Ridge(compact),200,4,0.23333333333333334,0.29166666666666674,0.19,0.7916666666666665,0.20000000000000004,0.8000000000000002
MutCount (0 labels),200,5,0.13333333333333333,0.16666666666666663,0.08000000000000002,0.33333333333333326,0.4000000000000001,0.4000000000000001
Random,200,5,0.06666666666666667,0.08333333333333331,0.07000000000000002,0.29166666666666674,0.0,0.4000000000000001
Ridge(compact),200,5,0.16666666666666663,0.20833333333333334,0.19,0.7916666666666665,0.20000000000000004,0.5999999999999999
MutCount (0 labels),200,6,0.13333333333333333,0.16666666666666663,0.08000000000000002,0.33333333333333326,0.4000000000000001,0.4000000000000001
Random,200,6,0.06666666666666667,0.08333333333333331,0.04000000000000001,0.16666666666666663,0.20000000000000004,0.20000000000000004
Ridge(compact),200,6,0.26666666666666666,0.33333333333333326,0.20000000000000004,0.8333333333333334,0.4000000000000001,0.8000000000000002
MutCount (0 labels),200,7,0.13333333333333333,0.16666666666666663,0.08000000000000002,0.33333333333333326,0.4000000000000001,0.4000000000000001
Random,200,7,0.06666666666666667,0.08333333333333331,0.05000000000000001,0.20833333333333334,0.0,0.20000000000000004
Ridge(compact),200,7,0.20000000000000004,0.25,0.20000000000000004,0.8333333333333334,0.4000000000000001,1.0
MutCount (0 labels),200,8,0.13333333333333333,0.16666666666666663,0.08000000000000002,0.33333333333333326,0.4000000000000001,0.4000000000000001
Random,200,8,0.03333333333333333,0.04166666666666666,0.05000000000000001,0.20833333333333334,0.20000000000000004,0.5999999999999999
Ridge(compact),200,8,0.33333333333333326,0.4166666666666667,0.19,0.7916666666666665,0.0,0.5999999999999999
MutCount (0 labels),200,9,0.13333333333333333,0.16666666666666663,0.08000000000000002,0.33333333333333326,0.4000000000000001,0.4000000000000001
Random,200,9,0.10000000000000002,0.125,0.08000000000000002,0.33333333333333326,0.0,0.20000000000000004
Ridge(compact),200,9,0.29999999999999993,0.375,0.18000000000000002,0.75,0.4000000000000001,1.0
MutCount (0 labels),200,10,0.13333333333333333,0.16666666666666663,0.08000000000000002,0.33333333333333326,0.4000000000000001,0.4000000000000001
Random,200,10,0.10000000000000002,0.125,0.10000000000000002,0.4166666666666667,0.20000000000000004,0.4000000000000001
Ridge(compact),200,10,0.23333333333333334,0.29166666666666674,0.22000000000000003,0.9166666666666667,0.20000000000000004,1.0
MutCount (0 labels),200,11,0.13333333333333333,0.16666666666666663,0.08000000000000002,0.33333333333333326,0.4000000000000001,0.4000000000000001
Random,200,11,0.10000000000000002,0.125,0.04000000000000001,0.16666666666666663,0.0,0.0
Ridge(compact),200,11,0.26666666666666666,0.33333333333333326,0.19,0.7916666666666665,0.0,0.8000000000000002
MutCount (0 labels),200,12,0.13333333333333333,0.16666666666666663,0.08000000000000002,0.33333333333333326,0.4000000000000001,0.4000000000000001
Random,200,12,0.06666666666666667,0.08333333333333331,0.07000000000000002,0.29166666666666674,0.20000000000000004,0.20000000000000004
Ridge(compact),200,12,0.3666666666666666,0.45833333333333337,0.20000000000000004,0.8333333333333334,0.5999999999999999,0.8000000000000002
MutCount (0 labels),200,13,0.13333333333333333,0.16666666666666663,0.08000000000000002,0.33333333333333326,0.4000000000000001,0.4000000000000001
Random,200,13,0.10000000000000002,0.125,0.10000000000000002,0.4166666666666667,0.0,0.5999999999999999
Ridge(compact),200,13,0.20000000000000004,0.25,0.18000000000000002,0.75,0.20000000000000004,0.5999999999999999
MutCount (0 labels),200,14,0.13333333333333333,0.16666666666666663,0.08000000000000002,0.33333333333333326,0.4000000000000001,0.4000000000000001
Random,200,14,0.03333333333333333,0.04166666666666666,0.04000000000000001,0.16666666666666663,0.0,0.4000000000000001
Ridge(compact),200,14,0.16666666666666663,0.20833333333333334,0.19,0.7916666666666665,0.20000000000000004,0.8000000000000002
MutCount (0 labels),200,15,0.13333333333333333,0.16666666666666663,0.08000000000000002,0.33333333333333326,0.4000000000000001,0.4000000000000001
Random,200,15,0.13333333333333333,0.16666666666666663,0.08000000000000002,0.33333333333333326,0.0,0.20000000000000004
Ridge(compact),200,15,0.33333333333333326,0.4166666666666667,0.19,0.7916666666666665,0.8000000000000002,1.0
MutCount (0 labels),200,16,0.13333333333333333,0.16666666666666663,0.08000000000000002,0.33333333333333326,0.4000000000000001,0.4000000000000001
Random,200,16,0.10000000000000002,0.125,0.05000000000000001,0.20833333333333334,0.0,0.0
Ridge(compact),200,16,0.16666666666666663,0.20833333333333334,0.19,0.7916666666666665,0.4000000000000001,0.8000000000000002
MutCount (0 labels),200,17,0.13333333333333333,0.16666666666666663,0.08000000000000002,0.33333333333333326,0.4000000000000001,0.4000000000000001
Random,200,17,0.03333333333333333,0.04166666666666666,0.030000000000000006,0.125,0.0,0.20000000000000004
Ridge(compact),200,17,0.23333333333333334,0.29166666666666674,0.21000000000000002,0.875,0.0,1.0
MutCount (0 labels),200,18,0.13333333333333333,0.16666666666666663,0.08000000000000002,0.33333333333333326,0.4000000000000001,0.4000000000000001
Random,200,18,0.06666666666666667,0.08333333333333331,0.05000000000000001,0.20833333333333334,0.20000000000000004,0.20000000000000004
Ridge(compact),200,18,0.23333333333333334,0.29166666666666674,0.16999999999999998,0.7083333333333335,0.4000000000000001,0.8000000000000002
MutCount (0 labels),200,19,0.13333333333333333,0.16666666666666663,0.08000000000000002,0.33333333333333326,0.4000000000000001,0.4000000000000001
Random,200,19,0.0,0.0,0.04000000000000001,0.16666666666666663,0.0,0.20000000000000004
Ridge(compact),200,19,0.26666666666666666,0.33333333333333326,0.21000000000000002,0.875,0.20000000000000004,1.0
MutCount (0 labels),500,0,0.13333333333333333,0.16666666666666663,0.08000000000000002,0.33333333333333326,0.4000000000000001,0.4000000000000001
Random,500,0,0.0,0.0,0.04000000000000001,0.16666666666666663,0.0,0.0
Ridge(compact),500,0,0.26666666666666666,0.33333333333333326,0.21000000000000002,0.875,0.4000000000000001,1.0
MutCount (0 labels),500,1,0.13333333333333333,0.16666666666666663,0.08000000000000002,0.33333333333333326,0.4000000000000001,0.4000000000000001
Random,500,1,0.10000000000000002,0.125,0.04000000000000001,0.16666666666666663,0.4000000000000001,0.4000000000000001
Ridge(compact),500,1,0.26666666666666666,0.33333333333333326,0.19,0.7916666666666665,0.4000000000000001,0.8000000000000002
MutCount (0 labels),500,2,0.13333333333333333,0.16666666666666663,0.08000000000000002,0.33333333333333326,0.4000000000000001,0.4000000000000001
Random,500,2,0.03333333333333333,0.04166666666666666,0.030000000000000006,0.125,0.0,0.20000000000000004
Ridge(compact),500,2,0.16666666666666663,0.20833333333333334,0.21000000000000002,0.875,0.4000000000000001,1.0
MutCount (0 labels),500,3,0.13333333333333333,0.16666666666666663,0.08000000000000002,0.33333333333333326,0.4000000000000001,0.4000000000000001
Random,500,3,0.06666666666666667,0.08333333333333331,0.030000000000000006,0.125,0.0,0.20000000000000004
Ridge(compact),500,3,0.26666666666666666,0.33333333333333326,0.20000000000000004,0.8333333333333334,0.4000000000000001,0.8000000000000002
MutCount (0 labels),500,4,0.13333333333333333,0.16666666666666663,0.08000000000000002,0.33333333333333326,0.4000000000000001,0.4000000000000001
Random,500,4,0.13333333333333333,0.16666666666666663,0.08000000000000002,0.33333333333333326,0.4000000000000001,0.4000000000000001
Ridge(compact),500,4,0.33333333333333326,0.4166666666666667,0.21000000000000002,0.875,0.5999999999999999,1.0
MutCount (0 labels),500,5,0.13333333333333333,0.16666666666666663,0.08000000000000002,0.33333333333333326,0.4000000000000001,0.4000000000000001
Random,500,5,0.06666666666666667,0.08333333333333331,0.07000000000000002,0.29166666666666674,0.0,0.4000000000000001
Ridge(compact),500,5,0.26666666666666666,0.33333333333333326,0.20000000000000004,0.8333333333333334,0.4000000000000001,0.5999999999999999
MutCount (0 labels),500,6,0.13333333333333333,0.16666666666666663,0.08000000000000002,0.33333333333333326,0.4000000000000001,0.4000000000000001
Random,500,6,0.06666666666666667,0.08333333333333331,0.04000000000000001,0.16666666666666663,0.20000000000000004,0.20000000000000004
Ridge(compact),500,6,0.26666666666666666,0.33333333333333326,0.19,0.7916666666666665,0.4000000000000001,0.8000000000000002
MutCount (0 labels),500,7,0.13333333333333333,0.16666666666666663,0.08000000000000002,0.33333333333333326,0.4000000000000001,0.4000000000000001
Random,500,7,0.06666666666666667,0.08333333333333331,0.05000000000000001,0.20833333333333334,0.0,0.20000000000000004
Ridge(compact),500,7,0.29999999999999993,0.375,0.21000000000000002,0.875,0.20000000000000004,1.0
MutCount (0 labels),500,8,0.13333333333333333,0.16666666666666663,0.08000000000000002,0.33333333333333326,0.4000000000000001,0.4000000000000001
Random,500,8,0.03333333333333333,0.04166666666666666,0.05000000000000001,0.20833333333333334,0.20000000000000004,0.5999999999999999
Ridge(compact),500,8,0.29999999999999993,0.375,0.19,0.7916666666666665,0.4000000000000001,0.8000000000000002
MutCount (0 labels),500,9,0.13333333333333333,0.16666666666666663,0.08000000000000002,0.33333333333333326,0.4000000000000001,0.4000000000000001
Random,500,9,0.10000000000000002,0.125,0.08000000000000002,0.33333333333333326,0.0,0.20000000000000004
Ridge(compact),500,9,0.23333333333333334,0.29166666666666674,0.20000000000000004,0.8333333333333334,0.20000000000000004,0.8000000000000002
MutCount (0 labels),500,10,0.13333333333333333,0.16666666666666663,0.08000000000000002,0.33333333333333326,0.4000000000000001,0.4000000000000001
Random,500,10,0.10000000000000002,0.125,0.10000000000000002,0.4166666666666667,0.20000000000000004,0.4000000000000001
Ridge(compact),500,10,0.23333333333333334,0.29166666666666674,0.21000000000000002,0.875,0.4000000000000001,0.8000000000000002
MutCount (0 labels),500,11,0.13333333333333333,0.16666666666666663,0.08000000000000002,0.33333333333333326,0.4000000000000001,0.4000000000000001
Random,500,11,0.10000000000000002,0.125,0.04000000000000001,0.16666666666666663,0.0,0.0
Ridge(compact),500,11,0.26666666666666666,0.33333333333333326,0.21000000000000002,0.875,0.4000000000000001,0.8000000000000002
MutCount (0 labels),500,12,0.13333333333333333,0.16666666666666663,0.08000000000000002,0.33333333333333326,0.4000000000000001,0.4000000000000001
Random,500,12,0.06666666666666667,0.08333333333333331,0.07000000000000002,0.29166666666666674,0.20000000000000004,0.20000000000000004
Ridge(compact),500,12,0.33333333333333326,0.4166666666666667,0.21000000000000002,0.875,0.5999999999999999,1.0
MutCount (0 labels),500,13,0.13333333333333333,0.16666666666666663,0.08000000000000002,0.33333333333333326,0.4000000000000001,0.4000000000000001
Random,500,13,0.10000000000000002,0.125,0.10000000000000002,0.4166666666666667,0.0,0.5999999999999999
Ridge(compact),500,13,0.23333333333333334,0.29166666666666674,0.18000000000000002,0.75,0.4000000000000001,0.5999999999999999
MutCount (0 labels),500,14,0.13333333333333333,0.16666666666666663,0.08000000000000002,0.33333333333333326,0.4000000000000001,0.4000000000000001
Random,500,14,0.03333333333333333,0.04166666666666666,0.04000000000000001,0.16666666666666663,0.0,0.4000000000000001
Ridge(compact),500,14,0.29999999999999993,0.375,0.20000000000000004,0.8333333333333334,0.8000000000000002,0.8000000000000002
MutCount (0 labels),500,15,0.13333333333333333,0.16666666666666663,0.08000000000000002,0.33333333333333326,0.4000000000000001,0.4000000000000001
Random,500,15,0.13333333333333333,0.16666666666666663,0.08000000000000002,0.33333333333333326,0.0,0.20000000000000004
Ridge(compact),500,15,0.33333333333333326,0.4166666666666667,0.18000000000000002,0.75,0.5999999999999999,0.5999999999999999
MutCount (0 labels),500,16,0.13333333333333333,0.16666666666666663,0.08000000000000002,0.33333333333333326,0.4000000000000001,0.4000000000000001
Random,500,16,0.10000000000000002,0.125,0.05000000000000001,0.20833333333333334,0.0,0.0
Ridge(compact),500,16,0.29999999999999993,0.375,0.20000000000000004,0.8333333333333334,0.4000000000000001,0.8000000000000002
MutCount (0 labels),500,17,0.13333333333333333,0.16666666666666663,0.08000000000000002,0.33333333333333326,0.4000000000000001,0.4000000000000001
Random,500,17,0.03333333333333333,0.04166666666666666,0.030000000000000006,0.125,0.0,0.20000000000000004
Ridge(compact),500,17,0.16666666666666663,0.20833333333333334,0.19,0.7916666666666665,0.4000000000000001,1.0
MutCount (0 labels),500,18,0.13333333333333333,0.16666666666666663,0.08000000000000002,0.33333333333333326,0.4000000000000001,0.4000000000000001
Random,500,18,0.06666666666666667,0.08333333333333331,0.05000000000000001,0.20833333333333334,0.20000000000000004,0.20000000000000004
Ridge(compact),500,18,0.20000000000000004,0.25,0.18000000000000002,0.75,0.4000000000000001,1.0
MutCount (0 labels),500,19,0.13333333333333333,0.16666666666666663,0.08000000000000002,0.33333333333333326,0.4000000000000001,0.4000000000000001
Random,500,19,0.0,0.0,0.04000000000000001,0.16666666666666663,0.0,0.20000000000000004
Ridge(compact),500,19,0.29999999999999993,0.375,0.20000000000000004,0.8333333333333334,0.20000000000000004,0.8000000000000002
