eval_idx,min_hamming_to_pool,is_strict_improver
0,2,1
1,3,1
2,4,1
3,3,1
4,2,1
5,1,0
6,2,0
9,5,0
10,4,0
11,2,0
12,4,0
13,3,0
14,2,0
17,3,0
19,1,0
23,3,0
24,1,0
27,1,0
28,1,0
31,3,0
35,2,0
37,1,0
40,2,0
41,2,0
42,1,0
44,3,0
47,1,0
50,3,0
51,1,0
52,5,0
57,5,0
58,4,0
59,7,0
60,2,0
61,3,0
66,2,0
67,2,0
68,2,0
71,6,0
72,1,0
74,2,0
77,4,0
80,1,0
81,4,0
89,2,0
90,1,0
91,1,0
95,2,0
97,5,0
109,2,0
113,6,0
114,3,0
117,3,0
119,3,0
120,1,0
121,4,0
123,3,0
125,2,0
126,1,0
129,4,0
130,3,0
131,2,0
133,4,0
135,2,0
140,2,0
141,1,0
142,1,0
144,6,0
146,4,0
147,5,0
152,1,0
153,1,0
157,3,0
158,3,0
161,2,0
163,1,0
166,3,0
176,2,0
179,2,0
181,2,0
183,1,0
189,2,0
191,2,0
194,2,0
195,2,0
197,8,0
199,6,0
202,3,0
203,9,0
206,1,0
207,3,0
213,3,0
216,3,0
217,2,0
220,7,0
225,7,0
228,6,0
232,4,0
235,1,0
236,5,0
237,6,0
239,6,0
240,2,0
245,3,0
246,5,0
248,8,0
251,5,0
253,2,0
258,3,0
259,6,0
265,3,0
275,2,0
278,3,0
280,9,0
282,5,0
288,4,0
293,6,0
294,3,0
295,2,0
303,3,0
305,6,0
307,7,0
308,5,0
309,5,0
310,6,0
312,5,0
313,3,0
314,5,0
319,6,0
320,5,0
323,4,0
324,1,0
326,7,0
329,4,0
330,1,0
331,4,0
332,6,0
334,3,0
335,5,0
336,2,0
339,2,0
341,1,0
342,5,0
346,3,0
347,6,0
349,3,0
353,3,0
355,5,0
356,2,0
357,7,0
362,6,0
364,2,0
369,1,0
371,6,0
374,2,0
381,3,0
382,2,0
383,3,0
388,3,0
393,1,0
395,2,0
397,2,0
398,2,0
406,1,0
410,1,0
411,1,0
412,0,0
413,0,0
414,1,0
418,2,0
421,9,0
422,5,0
425,7,0
426,8,0
428,8,0
430,9,0
432,3,0
434,5,0
435,5,0
437,4,0
438,6,0
441,7,0
447,5,0
451,7,0
454,5,0
455,5,0
457,8,0
459,9,0
460,3,0
465,5,0
468,6,0
469,4,0
470,8,0
472,6,0
475,9,0
482,6,0
484,8,0
486,5,0
488,8,0
491,7,0
495,5,0
496,5,0
497,8,0
498,6,0
499,6,0
501,3,0
505,5,0
512,6,0
517,9,0
521,6,0
523,7,0
524,6,0
529,6,0
533,8,0
536,7,0
538,6,0
542,8,0
544,4,0
547,7,0
560,3,0
561,10,0
562,3,0
564,6,0
565,5,0
570,5,0
574,5,0
575,6,0
576,9,0
577,7,0
578,7,0
579,4,0
581,7,0
582,6,0
585,5,0
590,9,0
592,6,0
595,7,0
601,7,0
607,9,0
608,7,0
613,8,0
616,5,0
618,6,0
620,8,0
622,6,0
624,4,0
630,5,0
631,5,0
634,7,0
635,8,0
640,7,0
642,6,0
649,8,0
650,7,0
651,7,0
655,3,0
656,4,0
658,5,0
659,6,0
660,9,0
661,8,0
662,7,0
663,8,0
665,6,0
667,5,0
669,7,0
670,7,0
671,5,0
672,8,0
673,6,0
675,8,0
678,9,0
681,2,0
683,7,0
686,9,0
687,8,0
688,8,0
690,9,0
691,7,0
692,5,0
698,5,0
699,6,0
703,6,0
705,4,0
713,5,0
714,4,0
719,3,0
721,1,0
722,5,0
723,3,0
724,4,0
726,5,0
728,4,0
730,4,0
731,4,0
732,6,0
736,5,0
737,4,0
738,5,0
739,6,0
740,5,0
751,4,0
753,5,0
754,6,0
757,7,0
758,5,0
764,5,0
765,4,0
766,6,0
770,5,0
771,4,0
772,5,0
774,4,0
776,4,0
778,4,0
781,2,0
782,5,0
783,6,0
784,5,0
787,2,0
792,3,0
794,5,0
795,5,0
798,6,0
799,5,0
802,4,0
806,0,0
809,2,0
810,4,0
812,1,0
815,1,0
817,2,0
819,0,0
821,3,0
822,1,0
823,2,0
826,2,0
828,2,0
832,1,0
833,0,0
836,3,0
838,2,0
842,5,0
844,1,0
845,4,0
847,2,0
852,1,0
854,0,0
859,1,0
863,1,0
871,1,0
872,2,0
873,3,0
874,2,0
876,3,0
877,3,0
880,1,0
882,4,0
885,4,0
886,1,0
887,4,0
891,1,0
894,1,0
896,2,0
897,2,0
898,4,0
899,4,0
901,1,0
902,2,0
904,1,0
905,2,0
907,1,0
909,2,0
911,2,0
913,1,0
914,1,0
916,1,0
917,3,0
920,3,0
922,3,0
923,2,0
924,1,0
925,3,0
926,4,0
931,2,0
933,3,0
936,1,0
938,2,0
939,1,0
941,3,0
942,1,0
943,2,0
944,3,0
946,2,0
947,3,0
949,3,0
950,1,0
952,5,0
965,2,0
966,3,0
969,3,0
978,2,0
987,2,0
989,2,0
990,2,0
996,1,0
997,5,0
1002,0,0
1004,4,0
1005,4,0
1008,3,0
1010,3,0
1013,1,0
1017,4,0
1021,0,0
1024,1,0
1025,2,0
1028,1,0
1029,1,0
1032,1,0
1033,2,0
1034,2,0
1035,1,0
1039,2,0
1042,1,0
1044,2,0
1045,3,0
1054,1,0
1056,3,0
1061,3,0
1062,0,0
1063,5,0
1067,6,0
1068,1,0
1070,1,0
1071,1,0
1073,0,0
1075,3,0
1077,0,0
1078,5,0
1081,3,0
1082,1,0
1084,1,0
1085,1,0
1087,2,0
1091,4,0
1092,4,0
1093,3,0
1094,3,0
1099,1,0
1100,2,0
1103,4,0
1105,0,0
1108,3,0
1111,2,0
1112,3,0
1116,2,0
1120,0,0
1123,3,0
1135,2,0
1138,1,0
1141,2,0
1147,2,0
1149,3,0
1150,2,0
1151,2,0
1152,2,0
1161,1,0
1163,1,0
1167,3,0
1168,2,0
1169,1,0
1170,3,0
1171,1,0
1177,2,0
1178,2,0
1181,2,0
1182,2,0
1184,2,0
1185,2,0
1187,5,0
1191,2,0
1192,4,0
1195,2,0
1196,3,0
1198,2,0
1199,3,0
1200,5,0
1201,2,0
1202,4,0
1211,6,0
1212,5,0
1214,2,0
1228,4,0
1230,2,0
1231,2,0
1237,3,0
1250,2,0
1251,1,0
1253,3,0
1257,0,0
1258,3,0
1259,2,0
1261,1,0
1262,2,0
1263,2,0
