AASeq,AgClass,CountPos,CountNeg,FracPos,FracNeg,NumMutations,LogEnrichment,BLOSUM62_score,ESM2_score,AbLang_score,AntiBERTy_score
YSAVGFYANL,1,94,0,0.0001684204491092,0.0,6,10.71785160143545,-7,1.2187387943267822,-7.434394836425781,-10.454305648803711
YTSPGFYMFT,1,292,0,0.0005760345936391,0.0,7,12.491939739685469,-3,-2.8881571292877197,-8.707469940185547,-7.911891460418701
WDKLGPYIYV,1,2377,24,0.0029837107219023,1.024420914065171e-05,7,8.18615524762383,-16,-3.179020404815674,-7.360013961791992,-8.366321563720703
WHLSNSYAFV,1,66,0,8.284598554714125e-05,0.0,7,9.694287980503878,-11,-4.715804100036621,-9.817441940307617,-12.532797813415527
WEAHAFYAFL,1,120,0,0.0002150048286501,0.0,6,11.070153345366718,-7,-5.289297103881836,-8.817981719970703,-15.675094604492188
WGILGMYQFL,1,506,46,0.000998196932813,4.53372152502565e-05,6,4.460556786645234,-13,-7.336040496826172,-9.57123851776123,-8.73808765411377
WQQHGFYVFI,1,3,0,5.918163633279018e-06,0.0,6,5.887077681526751,-8,-6.763591766357422,-12.330970764160156,-10.36381721496582
WAGPAFYAHP,1,79,0,0.0001415448455279,0.0,5,10.467043497934462,-4,-6.371776580810547,-7.674987316131592,-12.686494827270508
WSLCGHYAYD,1,18,0,2.259435969467489e-05,0.0,5,7.819818862587738,-9,4.234846591949463,-6.008498191833496,-10.249570846557617
YGHCDHYDFL,1,57,0,0.0001091866171687,0.0,8,10.092580322902116,-11,0.4074232578277588,-10.045977592468262,-8.900309562683105
YGRSGFYANE,1,44,0,8.679973328809226e-05,0.0,5,9.761546799442891,0,-0.15560579299926758,-2.4441275596618652,-6.441620826721191
FIASAFFPFG,1,126,0,0.0002257550700826,0.0,9,11.140542673258084,-2,-5.03513765335083,-7.653901100158691,-2.546555995941162
WNDHGFFTLR,1,33,0,4.1422992773570624e-05,0.0,7,8.694287980503878,1,-4.220630645751953,-7.719311714172363,-6.222404956817627
WCLFRPFANT,1,36,0,6.895996873814751e-05,0.0,8,9.429615310180132,-16,-5.420698642730713,-16.21175193786621,-17.37626838684082
WEAYAFFAYR,1,218,0,0.000390592105381,0.0,7,11.93144707453507,-5,-6.535490989685059,-9.499103546142578,-13.746387481689453
YANYGFFNLL,1,2,19,3.831109374341529e-06,8.109998903015938e-06,8,-1.0819395054486167,-2,-1.244516372680664,-8.80781364440918,-6.923587322235107
YRMFGFFVFA,1,316,0,0.0005661793821119,0.0,8,12.467043497935226,-5,-4.209929943084717,-14.147701263427734,-9.482534408569336
WIRFGMYAYV,1,43,0,8.482701207699925e-05,0.0,6,9.728379935507691,-13,-6.652337551116943,-12.999610900878906,-11.614532470703125
WTPNGFFLFV,1,225,32,0.0004031340537189,1.4556577093679306e-05,7,4.791516598309818,-4,-7.247393608093262,-11.103141784667969,-8.307928085327148
WIAAGFFAFS,1,3,0,4.630115505948155e-06,0.0,6,5.532976279254089,-3,-4.275520324707031,-7.4027204513549805,-4.750246047973633
WLPFGFYVFV,1,74,0,0.0001459813696208,0.0,6,10.511568546433727,-12,-5.880652904510498,-12.196532249450684,-11.44131851196289
FFLCDFFKHA,1,40,0,7.662218748683056e-05,0.0,9,9.581618403625182,-12,-4.57835578918457,-19.677635192871094,-13.306535720825195
YGLYDLYNFR,1,1506,0,0.0018903947611211,0.0,8,14.206399915817329,-10,-4.031606197357178,-8.354830741882324,-7.715285778045654
YRDTAFYEFL,1,65,0,0.0001164609488521,0.0,8,10.185630562786187,-7,-2.511925458908081,-5.479813098907471,-5.556445598602295
WRGAGFYEFA,1,53,0,0.0001045542241879,0.0,5,10.030035635368389,-7,-3.547672748565674,-5.187991142272949,-6.351352691650391
FNGPGMYAYG,1,174,0,0.0003117570015426,0.0,6,11.60620624560672,-2,-3.25146222114563,-6.00718879699707,-5.173933029174805
FPEGGFYMFD,1,5,0,8.540118058592041e-06,0.0,6,6.416184108687226,-5,-1.272824764251709,-0.023555278778076172,0.36152124404907227
YTGVGFYVIN,1,170,0,0.0002903640139921,0.0,6,11.50364694993742,-1,0.506629467010498,-7.473842620849609,-6.034762382507324
YGDHGFYEHV,1,5,0,9.86360605546503e-06,0.0,6,6.624043275692957,-6,-0.8959066867828369,-6.663426399230957,-5.63845157623291
WSLCSFYAFL,1,22,0,3.757651945780498e-05,0.0,6,8.55368763243716,-11,-4.309495449066162,-15.837575912475586,-18.46609115600586
YVECGLYEHH,1,6,0,1.1836327266558036e-05,0.0,8,6.887077681526751,-10,-2.8293509483337402,-13.09242057800293,-11.01513671875
FGESAFFMLT,1,19,4,3.40424312029341e-05,1.8195721367099132e-06,8,4.225662920536569,2,-5.832305431365967,-9.21562385559082,-8.546703338623047
YRIPSFYALH,1,18,0,2.259435969467489e-05,0.0,7,7.819818862587738,-4,-3.6614043712615967,-9.318305969238281,-8.75912857055664
WLIRGFFPFR,1,10,0,1.7917069054175838e-05,0.0,7,7.485190844645629,-10,-5.725539207458496,-9.991904258728027,-6.550849914550781
YAIPGFFAFN,1,88,102,0.0001104613140628,4.3537888847769774e-05,7,1.3431978370676572,1,-2.2459068298339844,-8.223128318786621,-6.963219165802002
YSGCGLYVIT,1,46,147,8.241851764920888e-05,6.686927602408931e-05,7,0.3016250183136314,-1,-2.4522323608398438,-12.782045364379883,-7.061594009399414
YDECDHFVLE,1,2,0,3.831109374341529e-06,0.0,10,5.25969030873782,1,-4.438810348510742,-9.288543701171875,-11.544729232788086
FARHGLYALD,1,75,0,0.0001281017708788,0.0,6,10.323074704294836,0,-0.9313325881958008,-6.1170125007629395,-6.174456596374512
YLGLSMYMFL,1,54,0,9.223327503279403e-05,0.0,8,9.849143515963332,-11,-6.747251510620117,-14.121502876281738,-13.460518836975098
YLGCALYVHS,1,10,0,1.5433718353160518e-05,0.0,8,7.269941873420295,-7,-3.760542154312134,-14.632875442504883,-10.540857315063477
WIAVGMYVYK,1,379,0,0.0007476613390042,0.0,7,12.868169218976591,-9,-4.458521842956543,-12.712366104125977,-9.383672714233398
WNLCGLYAFN,1,13,0,2.564537574420908e-05,0.0,6,8.002554898946688,-6,-3.288788318634033,-12.009001731872559,-13.916801452636719
WHGCGMYVHA,1,264,0,0.0005207983997285,0.0,6,12.3465093001639,-9,-6.234820365905762,-15.466062545776367,-13.427906036376953
WPLNGLYTFA,1,27,0,3.389153954201233e-05,0.0,7,8.404781363308894,-7,-3.119248867034912,-6.004715919494629,-5.604672431945801
WKGIGFYANL,1,5,0,9.86360605546503e-06,0.0,4,6.624043275692957,-11,-4.0986647605896,-9.838825225830078,-14.429450988769531
WAQRGMYTFE,1,80,0,0.0001578176968874,0.0,7,10.624043275692587,-2,-2.1710028648376465,-4.649875640869141,-4.482592582702637
WNICGFYAYK,1,331,0,0.0006529707208717,0.0,5,12.672802587612624,-9,-5.158686637878418,-13.10630989074707,-17.381208419799805
WLAPAFFAYA,1,409,0,0.0007328081243157,0.0,7,12.839219782699836,-5,-5.916688442230225,-8.778973579406738,-8.439231872558594
YQRTGLYVFV,1,13,0,2.564537574420908e-05,0.0,8,8.002554898946688,-6,-4.017271995544434,-10.177624702453613,-5.992286682128906
WPGAGMYALM,1,917,92,0.0018089853505722,9.0674430500513e-05,5,4.318341135545997,-5,-6.420924186706543,-9.444658279418945,-10.926522254943848
FLLCGFFTFD,1,264,17,0.0003313839421885,7.2563148079616275e-06,7,5.513122838510405,-7,0.2780799865722656,-7.525080680847168,-3.2786247730255127
YLHFGYYIFL,1,123,0,0.0001543947912469,0.0,8,10.592408366484245,-9,-2.3288183212280273,-12.765974044799805,-11.059833526611328
WQMHAMFMYP,1,973,17,0.0017433308189713,7.733181581017131e-06,9,7.816568560623747,-6,-12.218133926391602,-15.103452682495117,-12.979734420776367
FLPDALYAFF,1,67,0,0.0001200443626629,0.0,7,10.2293519402151,-8,-5.384596824645996,-9.007904052734375,-10.903812408447266
YDDCSLYAFK,1,34,0,6.70725211771622e-05,0.0,8,9.389578022055934,-4,-5.663872718811035,-7.44260311126709,-14.10134506225586
WGLFGLYTYD,1,103,0,0.0002031902847425,0.0,5,10.988615707988249,-8,2.24700665473938,-2.4874074459075928,-3.1029233932495117
FPQFNFYAFQ,1,80,14,0.0001532443749736,5.975788665380165e-06,7,4.680561180824151,-6,-4.9955339431762695,-7.684443473815918,-11.604049682617188
YIGSGFYQFD,1,88,27,0.0001735994665761,2.661097416862881e-05,5,2.7056692844811514,-3,1.7915184497833252,1.7530676126480103,4.273620128631592
WGVRGPYPFT,1,3,0,3.765726615779148e-06,0.0,6,5.234856361866582,-11,-4.941226959228516,-5.136385440826416,-2.2265377044677734
YMNVAMYQLS,1,821,20,0.0014709913693478,9.097860683549566e-06,9,7.337045723983389,-3,-6.328433513641357,-9.581725120544434,-8.200456619262695
WPGLGLYQFA,1,297,0,0.0005858981996946,0.0,6,12.516434301606305,-9,-6.043535232543945,-5.9175519943237305,-5.018570423126221
WGPRGLYVLA,1,116,0,0.0001981307389593,0.0,6,10.95223700892718,-4,-3.9504404067993164,-6.8333740234375,-4.075827598571777
YLVTAFYMFG,1,13,0,2.32921897704286e-05,0.0,8,7.86370246789936,-8,-5.679049491882324,-8.18949031829834,-6.008709907531738
WGNAGLYMFV,1,49,0,9.666333934355727e-05,0.0,6,9.916825024920804,-6,-7.281767845153809,-10.152509689331055,-9.939167022705078
WNQFGMYVFR,1,81,6,0.0001451282593388,2.72935820506487e-06,7,5.73262290925621,-7,-7.15408182144165,-11.848211288452148,-10.5892333984375
WVMCGPYNFR,1,213,122,0.0002673665897203,5.207472979831286e-05,7,2.3601638430654206,-17,-7.078917026519775,-14.802285194396973,-10.201566696166992
YAGCGFYTHD,1,39,0,7.693612723262725e-05,0.0,5,9.587517399667844,-3,0.3743720054626465,-6.091222763061523,-5.966018199920654
YYVAGFYAYG,1,91,0,0.0001142270406786,0.0,6,10.15768850134369,-8,-0.6411092281341553,-4.600799560546875,-7.86784553527832
YRALAFYQFM,1,29,0,5.195950025710994e-05,0.0,8,9.02124374488584,-8,-8.034061431884766,-13.606260299682617,-11.665255546569824
YIHPGFYALV,1,89,0,0.0001755721877872,0.0,6,10.777848611771356,-6,-2.5399975776672363,-8.532862663269043,-11.084243774414062
YGRAAFYAYL,1,46,4,8.241851764920888e-05,1.8195721367099132e-06,6,5.5012973631499955,-7,-4.29082727432251,-9.473230361938477,-12.422861099243164
WAKSGFYAYI,1,128,0,0.0002525083150199,0.0,5,11.302115180805568,-6,-3.907979965209961,-9.531631469726562,-11.23324203491211
WGHPGFFMYT,1,1071,0,0.0019189180957022,0.0,6,14.228005514508498,-3,-6.039385795593262,-13.624601364135742,-12.839802742004395
FPNAAFYAFT,1,2,0,3.5834138108351683e-06,0.0,7,5.1632627497582675,-4,-4.7319746017456055,-8.088204383850098,-10.614706039428711
FISYGFYEFK,1,25,0,4.270059029296021e-05,0.0,7,8.73811220357459,-8,-2.7502989768981934,-9.804915428161621,-7.720244407653809
FGGTGMYAID,1,88,441,0.0001503060778312,0.0004346459114209,4,-1.5319372259179969,1,0.5521149635314941,-2.722431182861328,-3.4020535945892334
WSRDGFYVFH,1,75,0,0.0001479540908319,0.0,5,10.53093387130074,-3,-2.3738932609558105,-3.449641227722168,-3.1573023796081543
WLGPGMYQNA,1,22,0,3.941755191918685e-05,0.0,6,8.622694368395564,-10,-6.321641445159912,-7.5383477210998535,-7.827171325683594
WRISGFYTFD,1,34,0,6.70725211771622e-05,0.0,5,9.389578022055934,-6,0.519633412361145,-1.0286707878112793,-1.48308527469635
FQGTSMYAYA,1,70,0,0.0001380904847765,0.0,7,10.431398197750452,-5,-3.923189640045166,-5.9450788497924805,-6.284311294555664
WTHPGFYAFD,1,3,34,5.918163633279018e-06,3.351011561975481e-05,4,-2.5013751725211586,-5,-0.2915940284729004,-1.5769374370574951,-6.664794921875
WHTFGLYTFG,1,28,63,5.0167793351692354e-05,2.8658261153181128e-05,7,0.8078104056506706,-8,-2.5367724895477295,-5.294352054595947,-5.103107452392578
WPPNGLYAYD,1,3,0,5.918163633279018e-06,0.0,5,5.887077681526751,-4,-1.4425954818725586,-0.6893324851989746,-5.530365943908691
FGAPSMYTFP,1,27,0,5.3263472699511154e-05,0.0,8,9.057002682969063,-1,-6.953302383422852,-9.122279167175293,-8.38173770904541
WIRLGLYAHA,1,5,17,8.958534527087919e-06,7.733181581017131e-06,6,0.2122006607300053,-14,-4.239449501037598,-10.049199104309082,-11.565752029418945
WPVSDFYEFE,1,14,0,1.7573390873636022e-05,0.0,7,7.457248783203029,-5,-3.384821891784668,-5.919227600097656,-6.671955108642578
WRLRSSFLHN,1,5,0,9.57777343585382e-06,0.0,9,6.581618403625182,-9,-1.4453401565551758,-11.73985767364502,-8.582621574401855
WAHLSFYVYD,1,51,0,8.710920419763883e-05,0.0,6,9.76668135577136,-7,-0.6584069728851318,-5.94569206237793,-8.626139640808105
YADVGMFPFG,1,10,56,1.7917069054175838e-05,2.547400991393879e-05,9,-0.5076914200772596,-1,-3.5741677284240723,-4.150850772857666,-6.262314319610596
WLEPGFFAFP,1,5,0,7.716859176580259e-06,0.0,6,6.269941873420295,-5,-5.481661796569824,-6.458652973175049,-8.280471801757812
YGVCDYYTFD,1,2,145,3.831109374341529e-06,6.189209689143742e-05,7,-4.013921082019966,-2,0.9562058448791504,-3.7950448989868164,-7.729835510253906
YGHISMYPFI,1,318,0,0.0006273253451275,0.0,8,12.614998136089776,-7,-5.781789779663086,-12.121963500976562,-10.446253776550293
WSNSGFYELL,1,27,0,4.6116637516397024e-05,0.0,6,8.849143515963332,-3,0.36041951179504395,-4.364321708679199,-3.6513781547546387
WVEAHLFTFD,1,14,0,2.681776562039069e-05,0.0,8,8.067045230795424,-6,-2.8484435081481934,-1.3163690567016602,-1.9270358085632324
WITFGFYVYD,1,8,0,1.3664188893747268e-05,0.0,5,7.094256013799864,-10,0.2074880599975586,-6.0734543800354,-7.262444496154785
WSSVSLYMFT,1,2,0,3.945442422186011e-06,0.0,8,5.302115180805594,-5,-1.7408766746520996,-10.252215385437012,-9.967164993286133
YGRCSFYTFT,1,136,0,0.0002682900847086,0.0,7,11.389578022055671,-4,-4.0615129470825195,-13.339696884155273,-12.156332015991211
YNDRGMYAFH,1,42,0,8.285429086590625e-05,0.0,7,9.694432603584357,-2,-3.073432683944702,-4.322580814361572,-9.113779067993164
WLGISFYPYA,1,33,0,6.50997999660692e-05,0.0,6,9.346509300164048,-11,-3.815349817276001,-8.300262451171875,-6.092804908752441
YCNSGYFTYD,1,16,57,3.064887499473222e-05,6.756027977067433e-05,8,-1.140341183464669,4,2.998471736907959,-1.2926712036132812,-1.0837976932525635
WAIFSFFNFK,1,522,0,0.0006552364311455,0.0,8,12.677799857715152,-7,-5.852217674255371,-15.289777755737305,-14.849519729614258
WSHCGMYEFD,1,26,0,5.129075148841816e-05,0.0,6,9.002554898946688,-6,-0.35201215744018555,-8.250398635864258,-4.688116073608398
WTANSFYVFM,1,42,0,7.173699169217316e-05,0.0,7,9.486573436578624,-4,-6.187252998352051,-11.669438362121582,-13.123947143554688
WHMGGFYTFD,1,49,32,9.666333934355727e-05,3.153893234800452e-05,5,1.6158350121232328,-6,-1.4402368068695068,-2.046802043914795,-1.5439810752868652
FLQYGLFAFP,1,8,0,1.4333655243340672e-05,0.0,8,7.163262749758267,-6,-4.690778732299805,-10.155522346496582,-7.693235397338867
YSHVGPFTHK,1,83,2,0.0001041851030365,8.536840950543092e-07,9,6.931230991748717,-7,-3.137281656265259,-11.556499481201172,-8.854418754577637
YHSVGMYAFH,1,18,2,3.5508981799674105e-05,3.736208719563909e-06,7,3.24853703534595,-4,-1.6183345317840576,-6.772196292877197,-6.29982852935791
YHSCGLYAYA,1,196,0,0.0003866533573742,0.0,7,11.916825024920694,-6,-0.7765276432037354,-8.147296905517578,-7.439179420471191
YIGNAFYQFL,1,35,0,6.270974168961544e-05,0.0,7,9.292545766703231,-6,-4.816200256347656,-10.531085968017578,-9.373071670532227
FGGGGFFVFV,1,100,0,0.0001791706905417,0.0,6,10.807118939532522,0,-3.009005546569824,-7.237077713012695,-3.3848752975463867
WILTGFYALD,1,511,0,0.0010080605388685,0.0,4,13.29929466174318,-7,-0.09913134574890137,8.242774963378906,2.4185705184936523
WLPIGLYVFI,1,25,0,4.931803027732514e-05,0.0,7,8.945971370580319,-12,-5.6411848068237305,-14.55147933959961,-12.043267250061035
FGGSAMFTFT,1,49,0,8.779363836546162e-05,0.0,8,9.777972593873477,3,-4.989085674285889,-8.35699462890625,-2.950531005859375
YGPHGFYMFV,1,133,0,0.0002623719210753,0.0,6,11.3573976163064,-5,-7.7075605392456055,-10.597766876220703,-9.02964973449707
WDGPGFYALV,1,272,0,0.0004645824223874,0.0,4,12.181718855050182,-3,-4.214926719665527,-3.0647668838500977,-7.4579572677612305
WAQTGFFVHD,1,53,0,6.652783687876494e-05,0.0,6,9.377814315708624,-2,-1.1714730262756348,-4.286900997161865,-3.7271194458007812
WCVPDYYVYK,1,6,0,1.1493328123024584e-05,0.0,8,6.844652809458976,-7,-5.173971176147461,-14.580153465270996,-14.789411544799805
YGADSLYAFT,1,34,11,5.807280279842587e-05,1.0841507994626556e-05,6,2.4212972236153356,1,-1.898885726928711,-3.641817569732666,-8.055928230285645
WLKCAFFVYR,1,10,2,1.7917069054175838e-05,9.097860683549568e-07,8,4.299663501980344,-9,-5.761745929718018,-21.197677612304688,-16.083362579345703
WPLSGPYLFR,1,259,0,0.0003251077311622,0.0,7,11.666702148831684,-13,-5.04185676574707,-6.75007438659668,-4.121611595153809
YGKTGLYMLL,1,21,0,4.142714543295312e-05,0.0,7,8.694432603584355,-4,-5.3869781494140625,-12.606912612915039,-9.93874740600586
WIGLSMYVNA,1,29,0,5.720891512169717e-05,0.0,7,9.160096175933166,-12,-6.369883060455322,-12.002108573913574,-11.922592163085938
WSNAGLFAYG,1,1767,31,0.0022180129766939,1.3232103473341796e-05,7,7.389081574567303,-1,-2.9479973316192627,-6.58040714263916,-9.05053997039795
WLGISMYVNA,1,61,0,0.0001041894403148,0.0,7,10.024993351362433,-11,-5.972638130187988,-8.958380699157715,-8.684701919555664
WRGVGMYELD,1,328,0,0.0006470525572385,0.0,5,12.659667185423665,-4,-2.240048885345459,-2.531597375869751,-0.9371912479400635
WLGCGFFVNA,1,2,3,3.5834138108351683e-06,1.364679102532435e-06,6,1.3927729063718266,-8,-4.595505237579346,-12.068181991577148,-10.728622436523438
YPHGALYAFL,1,22,51,3.3954180376953134e-05,2.31995447430514e-05,8,0.5494927125334494,-7,-3.205301523208618,-8.419536590576172,-10.09857177734375
FLNIGFYMNI,1,75,0,0.0001343780179063,0.0,7,10.392081440253946,-12,-4.891219615936279,-10.406604766845703,-10.946516036987305
WLQAGMYTFV,1,48,0,8.198513336248361e-05,0.0,7,9.67921851452102,-11,-5.514188289642334,-6.764314651489258,-6.815107345581055
WIRPGFYAYT,1,213,0,0.0003816335708539,0.0,5,11.897972369983934,-9,-3.878450632095337,-11.05352783203125,-15.151185989379883
WPLYGPFDFL,1,188,0,0.0002359855345888,0.0,8,11.2044827128229,-16,-2.2933835983276367,-7.5572190284729,-3.950186252593994
FSGAGMYQFA,1,25,0,4.47926726354396e-05,0.0,7,8.807118939532993,-4,-3.7117466926574707,-3.992555618286133,-4.257104873657227
WLGDGMYTFL,1,4,0,7.890884844372023e-06,0.0,5,6.302115180805594,-8,-4.574836730957031,-8.871086120605469,-8.322912216186523
FSIDGYYHFR,1,409,3,0.0005133940619512,1.2805261425814638e-06,7,8.6471860926231,-4,-2.3987693786621094,-6.294600486755371,-3.110525131225586
YIGFALFMFL,1,22,0,3.3954180376953134e-05,0.0,9,8.40744539717023,-7,-6.831839084625244,-17.1007080078125,-14.184492111206055
YSRHGMYQFV,1,2,0,3.945442422186011e-06,0.0,8,5.302115180805594,-5,-6.1050615310668945,-12.725297927856445,-10.672571182250977
WLIFHFYMFP,1,8,23,1.0041937642077727e-05,9.817367093124556e-06,7,0.0326296043455612,-15,-7.562391757965088,-18.633834838867188,-19.933650970458984
WNVRGPFTFG,1,23,0,2.8870570720973468e-05,0.0,8,8.173455817202438,-7,-6.160130023956299,-8.423913955688477,-6.609561920166016
YNDCAFYAYA,1,4,0,7.166827621670337e-06,0.0,7,6.1632627497582675,-5,-3.365382671356201,-10.181674003601074,-11.251333236694336
WRSCSFYVFV,1,5,7,9.86360605546503e-06,6.899141451125989e-06,7,0.5156983408377831,-8,-6.096423625946045,-13.537973403930664,-10.404230117797852
WAIDGFYVFL,1,104,0,0.0001863375181634,0.0,5,10.863702467899136,-8,-4.924267768859863,-10.341468811035156,-9.647704124450684
WIANGMYQFD,1,4,0,7.890884844372023e-06,0.0,6,6.302115180805594,-4,-2.987766742706299,-3.504004955291748,-2.233077049255371
WLGCSFYAYT,1,19,0,3.748170301076712e-05,0.0,5,8.55004269424918,-9,-4.632782936096191,-12.250263214111328,-14.601469039916992
YGQNGFYMFA,1,29,0,4.953268473983384e-05,0.0,6,8.952237008927435,-2,-5.596691131591797,-8.338294982910156,-9.190149307250977
YSGPGFYVHI,1,4,0,6.832094446873634e-06,0.0,6,6.094256013799864,-4,-2.096804618835449,-7.336308002471924,-5.78642463684082
YGPSGFYVLV,1,246,0,0.0004407598987327,0.0,6,12.105777255097422,-1,-3.388566255569458,-5.296074867248535,-3.4103875160217285
FHTSGMFAYA,1,148,0,0.0002651726220018,0.0,8,11.372716115387204,-3,-3.242215394973755,-8.231193542480469,-7.390068054199219
FRARGFYAFS,1,165,0,0.0002956316393939,0.0,6,11.529584964004076,-3,-5.16102409362793,-10.704753875732422,-9.56776237487793
WTTTGFYVFK,1,305,15,0.0006016799693833,1.478387453812712e-05,6,5.346900004849594,-6,-3.3797428607940674,-6.958152770996094,-5.898622989654541
WEATGFFAYT,1,155,0,0.0002777145703397,0.0,6,11.439387155032373,-2,-2.4322779178619385,-6.502839088439941,-8.003859519958496
YGDYRLYALT,1,377,24,0.0004732263113829,1.024420914065171e-05,7,5.529649772950043,-3,-2.75772762298584,-0.7682971954345703,-4.6628007888793945
WQSASFYANA,1,2,0,3.416047223436817e-06,0.0,6,5.094256013799864,-8,-3.6855287551879883,-5.105278015136719,-8.02769660949707
WGAIGLYQLS,1,135,0,0.0002418804322313,0.0,6,11.240078346808655,-2,-4.4303789138793945,-5.8542799949646,-3.4868664741516113
WEHTGLYQFV,1,247,0,0.0004425516056381,0.0,7,12.111629981342803,-9,-2.7819252014160156,-6.0975422859191895,-6.826300621032715
WTVSRSYMFP,0,0,27,0.0,1.1524735283233176e-05,8,-6.84858980290632,-11,-4.802789688110352,-11.142129898071289,-11.081177711486816
YDMNHPYAYL,0,0,37,0.0,1.579315575850472e-05,8,-7.303155666371801,-12,-2.9898838996887207,-10.841363906860352,-16.92629623413086
FEQNGFYVFA,0,0,97,0.0,0.0001812061228988,7,-10.823415989088687,-4,-3.9934885501861572,-7.3026628494262695,-9.119213104248047
WGLAGLYVIR,0,0,47,0.0,2.1379972606341487e-05,6,-7.740116194342923,-7,-4.610848426818848,-9.344931602478027,-7.982110023498535
WNVSGLYLNT,0,0,4,0.0,3.942366543500565e-06,7,-5.30099001279757,-7,-2.4270825386047363,-11.395312309265137,-10.69434928894043
YNLRRYFHIR,0,0,18,0.0,7.683156855488781e-06,10,-6.263627302185164,-3,-5.6406331062316895,-17.10763168334961,-14.21238899230957
WTTTGMYVHV,0,0,2,0.0,1.9711832717502826e-06,7,-4.30099001279757,-10,-3.2218880653381348,-10.765365600585938,-8.70885181427002
YVMTGHFALN,0,0,12,0.0,5.122104570325855e-06,8,-5.6786648014640075,0,-3.4381141662597656,-4.5667243003845215,-5.575848579406738
YFLHHYFLHR,0,0,34,0.0,1.4512629615923257e-05,10,-7.181165141993191,-7,-1.2630075216293335,-18.699783325195312,-15.253536224365234
YIVCGFYAHT,0,0,46,0.0,5.452233104300034e-05,6,-9.09070343409476,-11,-2.434861660003662,-14.087135314941406,-15.371535301208496
FPQSGLYKFA,0,0,4,0.0,1.7073681901086184e-06,8,-4.0937023007428515,-6,-3.6457033157348633,-7.766138553619385,-4.529364585876465
YHNHGFFQNR,0,0,9,0.0,4.094037307597306e-06,8,-5.355452344107597,-3,-5.542253494262695,-10.972911834716797,-9.525240898132324
WRLVALYANS,0,0,91,0.0,4.139526611015053e-05,7,-8.693321982863981,-11,-3.600630044937134,-11.462047576904297,-13.243963241577148
FYNSSYYIFS,0,0,19,0.0,8.109998903015938e-06,9,-6.341629814186437,0,0.7450928688049316,-8.380090713500977,-10.074462890625
WLHRDSFANT,0,0,18,0.0,7.683156855488781e-06,8,-6.263627302185164,-11,-2.760944128036499,-8.333794593811035,-13.28680419921875
WHINSMYMHT,0,0,2,0.0,1.9711832717502826e-06,8,-4.30099001279757,-9,-7.180401802062988,-15.315743446350098,-15.724590301513672
WDMYGLYAID,0,0,99,0.0,9.7573571951639e-05,5,-9.93034663287718,-6,-1.328016757965088,-1.2343575954437256,-6.59821891784668
WIMLRPFTNP,0,0,47,0.0,2.0061576233776268e-05,9,-7.648291152420489,-17,-6.685285568237305,-9.815680503845215,-14.009134292602539
WASPGFFTNS,0,0,23,0.0,1.0462539786082002e-05,7,-6.709089298722297,0,-2.310342311859131,-7.013426780700684,-9.589295387268066
WYVSRPFHLD,0,0,26,0.0,1.109789323570602e-05,8,-6.794142018883943,-9,-2.175875663757324,-4.548928737640381,-7.443083763122559
YHDSHFYPLQ,0,0,3,0.0,1.2805261425814638e-06,8,-3.678664801464007,-2,-1.8187267780303955,-3.1184005737304688,-5.551795959472656
WCVTHPYEHG,0,0,5,0.0,2.134210237635773e-06,8,-4.415630395630214,-17,-5.07798433303833,-16.288406372070312,-13.112834930419922
FPEADPFVNS,0,0,30,0.0,1.280526142581464e-05,10,-7.00059289635137,-9,-4.3083648681640625,-6.283120155334473,-7.364741325378418
WADNGFYANF,0,0,136,0.0,0.0001229886606263,5,-10.264309591996277,-5,-2.8993358612060547,-6.4811930656433105,-12.057029724121094
FDRCGLYVYF,0,0,17,0.0,7.733181581017131e-06,8,-6.272990183915624,-9,-3.993894577026367,-12.42587661743164,-10.466068267822266
FHAISMYMYT,0,0,22,0.0,2.168301598925311e-05,9,-7.760421631434867,-7,-5.028831958770752,-17.445894241333008,-11.981285095214844
WRLGALYAIP,0,0,11,0.0,5.0038233759522624e-06,7,-5.644958961302582,-7,-6.129507541656494,-6.692146301269531,-9.77153205871582
WPSCGMFPNS,0,0,2,0.0,9.097860683549568e-07,8,-3.1855273426652846,-5,-5.219879150390625,-11.88820743560791,-12.849115371704102
WVLRSFYVFM,0,0,29,0.0,1.2378419378287484e-05,7,-6.951683295870423,-12,-6.371349811553955,-16.156845092773438,-15.798381805419922
WYNRGLYNIV,0,0,51,0.0,2.1768944423884887e-05,7,-7.7661276427143475,-9,-2.5606117248535156,-7.692685604095459,-8.724227905273438
WDDVRSFLFV,0,0,46,0.0,1.9634734186249108e-05,9,-7.617264256799864,-10,-7.105465888977051,-4.877986907958984,-5.522629261016846
WVKLSLYTIL,0,0,3,0.0,2.9567749076254236e-06,8,-4.885952513518726,-12,-3.0272130966186523,-13.151771545410156,-13.994102478027344
FRLFSFYLFA,0,0,182,0.0,0.0001793776777292,8,-10.808784652995657,-11,-2.955587387084961,-13.611576080322266,-7.4565863609313965
FKKCAFFMIG,0,0,19,0.0,8.642967649372086e-06,9,-6.433454856108869,-4,-5.678274154663086,-20.96426773071289,-15.997304916381836
FNMVNPYDIR,0,0,10,0.0,4.268420475271546e-06,9,-5.415630395630214,-12,-4.588318824768066,-10.602799415588379,-9.25682544708252
WSMHNFYAHA,0,0,2,0.0,8.536840950543092e-07,6,-3.093702300742851,-8,-6.47159481048584,-11.964973449707031,-15.639382362365723
WFDNGSYKHG,0,0,24,0.0,1.024420914065171e-05,7,-6.6786648014640075,-9,-3.5386669635772705,-9.81747055053711,-8.702386856079102
WDDRGHFVNG,0,0,4,0.0,1.7073681901086184e-06,8,-4.0937023007428515,-5,-3.0327587127685547,-5.486115455627441,-7.093243598937988
WTLGSSFTHM,0,0,27,0.0,1.1524735283233176e-05,9,-6.84858980290632,-11,-2.847468852996826,-9.198075294494629,-9.55959415435791
SCEYGFYTNV,0,0,33,0.0,1.4085787568396104e-05,7,-7.138096420101305,-16,-2.3506243228912354,-11.104425430297852,-12.373397827148438
FNVGSFYEHK,0,0,39,0.0,3.843807379913051e-05,8,-8.586392231659818,-7,-4.089104652404785,-8.684002876281738,-9.710860252380371
FGPNAMFQYL,0,0,10,0.0,4.548930341774783e-06,9,-5.507455437552647,-3,-7.61342716217041,-12.088531494140625,-8.650568008422852
FHLHHPYIIE,0,0,19,0.0,2.2520093256891444e-05,9,-7.815068991481333,-10,-2.950674533843994,-9.965803146362305,-6.698064804077148
FINTGPFPYN,0,0,4,0.0,1.7073681901086184e-06,9,-4.0937023007428515,-6,-2.160261631011963,-7.806557655334473,-5.162212371826172
WGNFSLYAHE,0,0,60,0.0,0.0001120862615869,6,-10.130393742510252,-3,-4.530980587005615,-7.610183238983154,-14.345976829528809
WINHSPYPFA,0,0,2,0.0,8.536840950543092e-07,8,-3.093702300742851,-12,-5.355162143707275,-6.874135971069336,-7.120142936706543
WPVGSPYPID,0,0,194,0.0,8.280735722026801e-05,7,-9.693615142929978,-10,-0.16929805278778076,0.12434768676757812,-0.414731502532959
WFEFGLYPFR,0,0,124,0.0,5.292841389336718e-05,7,-9.047898611129726,-11,-5.9872541427612305,-9.85680103302002,-9.156964302062988
YCHNGLFVYR,0,0,19,0.0,8.109998903015938e-06,9,-6.341629814186437,-2,-3.927361249923706,-11.483620643615723,-7.219696521759033
WSAGSFYTLH,0,0,51,0.0,9.527332234887968e-05,7,-9.895928488873452,0,-1.0628576278686523,-2.3562307357788086,-3.31958270072937
WCMFDYYVHH,0,0,70,0.0,2.9878943326900823e-05,8,-8.222985317687817,-10,-6.514303207397461,-17.261459350585938,-20.10870933532715
FDNANHFQIM,0,0,61,0.0,2.603736489915643e-05,10,-8.024439638305738,-3,-7.999981880187988,-12.626501083374023,-12.620122909545898
FLGYGFYKLD,0,0,2,0.0,1.9711832717502826e-06,5,-4.30099001279757,-5,-1.0921120643615723,-4.543815612792969,-3.3188369274139404
YKVCAFYPLP,0,0,39,0.0,1.7740828332921656e-05,8,-7.470929561527533,-6,-4.378820419311523,-14.989768981933594,-10.95771598815918
FIIRSPFLLH,0,0,24,0.0,1.024420914065171e-05,10,-6.6786648014640075,-10,-2.946336030960083,-8.454507827758789,-5.055553436279297
WAALAMFQLS,0,0,12,0.0,1.0851940643501994e-05,9,-6.761809251467747,0,-5.310853958129883,-10.123342514038086,-7.960449695587158
YVLDNLFAFV,0,0,86,0.0,3.67084160873353e-05,8,-8.51996705544495,-5,-4.5921525955200195,-8.604181289672852,-8.890218734741211
YLVSSYFPLS,0,0,104,0.0,4.439157294282408e-05,10,-8.794142018883944,2,-1.058327078819275,-8.214414596557617,-6.749537467956543
YNDGHYYQFD,0,0,14,0.0,5.975788665380165e-06,8,-5.901057222800455,0,0.2965092658996582,3.2460365295410156,-1.7681517601013184
YLRGSMYLLN,0,0,103,0.0,0.0001015159384951,9,-9.987490539980223,-3,-2.9854559898376465,-7.717409133911133,-3.557753324508667
FTVCGLYPHS,0,0,3,0.0,1.2805261425814638e-06,8,-3.678664801464007,-10,2.0451555252075195,-11.560162544250488,-6.732205390930176
YHVRNLYVLQ,0,0,63,0.0,2.6891048994210734e-05,9,-8.070982224242767,-3,-4.586983680725098,-12.915790557861328,-11.81218433380127
FLLDGMYAFL,0,0,12,0.0,1.1827099630501696e-05,6,-6.885952513518726,-11,-5.454706192016602,-9.807168006896973,-10.77402114868164
YHVSDPYTNA,0,0,22,0.0,9.390525045597402e-06,9,-6.553133919380149,-12,-0.8760898113250732,-8.41486644744873,-7.881159782409668
YAHLRSYALV,0,0,7,0.0,2.9878943326900824e-06,8,-4.901057222800455,-9,-3.671206474304199,-10.49625301361084,-11.000970840454102
FGVCRFYKNM,0,0,12,0.0,5.122104570325855e-06,7,-5.6786648014640075,-13,-6.016592979431152,-18.02924346923828,-20.708324432373047
WLRCAFFTYV,0,0,42,0.0,3.7981792252256984e-05,8,-8.569164173525351,-10,-4.927838325500488,-18.55984115600586,-14.483837127685547
YNNNGFYTNE,0,0,4,0.0,3.942366543500565e-06,7,-5.30099001279757,3,1.6327654123306274,-1.6214408874511719,-5.883275985717773
FLNLGFYMLL,0,0,3,0.0,5.604313079345864e-06,7,-5.808465647623113,-10,-4.830793380737305,-11.78737735748291,-9.903767585754395
WQNPAFCENP,0,0,5,0.0,2.274465170887392e-06,8,-4.507455437552647,-9,-3.6034297943115234,-10.763504028320312,-12.443568229675293
YRETDPYVFS,0,0,104,0.0,4.439157294282408e-05,9,-8.794142018883944,-8,-0.3812127113342285,-8.233023643493652,-5.621847152709961
WNLLAFYTIR,0,0,11,0.0,5.0038233759522624e-06,7,-5.644958961302582,-9,-4.889557361602783,-11.435853004455566,-14.82878303527832
FIHDGFYEYP,0,0,23,0.0,2.266860762512825e-05,6,-7.824551968854583,-8,-2.380852222442627,-8.565958976745605,-6.422366142272949
FLVYGYFAHK,0,0,7,0.0,2.9878943326900824e-06,8,-4.901057222800455,-6,-5.007428169250488,-12.42121410369873,-13.184844970703125
YTNCSYYVLG,0,0,116,0.0,4.951367751314994e-05,9,-8.951683295870424,1,-1.1142470836639404,-8.699311256408691,-7.273017406463623
FDDHHHFINP,0,0,16,0.0,6.8294727604344736e-06,10,-6.0937023007428515,-6,-5.491166114807129,-9.721924781799316,-10.698591232299805
FALSGPFMNT,0,0,6,0.0,2.561052285162928e-06,9,-4.6786648014640075,-8,-4.4499192237854,-9.828279495239258,-9.046195030212402
YFEIDHYPLR,0,0,44,0.0,1.8781050091194805e-05,9,-7.553133919380149,-9,-3.6465160846710205,-4.981728553771973,-3.8958263397216797
FDGSGLYVNR,0,0,76,0.0,3.4571870597488345e-05,7,-8.43345485610887,-4,-0.6015961170196533,-3.365846633911133,-1.8672120571136475
WATNGLFTFP,0,0,6,0.0,2.72935820506487e-06,8,-4.77048984338644,1,-4.0839691162109375,-8.88878059387207,-8.217838287353516
YCMGSLFVLQ,0,0,26,0.0,1.109789323570602e-05,10,-6.794142018883943,0,-4.555394172668457,-14.025550842285156,-11.477834701538086
WCLSNFFPNQ,0,0,88,0.0,3.756210018238961e-05,8,-8.553133919380148,-7,-5.640966892242432,-16.130369186401367,-14.894001007080078
YTQISYFTYP,0,0,17,0.0,7.2563148079616275e-06,10,-6.181165141993191,-1,-1.7051334381103516,-11.252864837646484,-11.350839614868164
WPDVNPFLNQ,0,0,5,0.0,2.134210237635773e-06,9,-4.415630395630214,-10,-3.9547083377838135,-9.990743637084961,-10.271865844726562
FNLSSHYIFV,0,0,16,0.0,6.8294727604344736e-06,9,-6.0937023007428515,-8,-3.751041889190674,-12.462592124938965,-10.209423065185547
YSVVGLYPYN,0,0,23,0.0,2.266860762512825e-05,8,-7.824551968854583,-5,4.39301061630249,-6.198907852172852,-1.7915040254592896
WILCHSFNYG,0,0,78,0.0,9.245090915987016e-05,9,-9.852543696899996,-16,-5.059496879577637,-15.844478607177734,-14.33246898651123
WINSGMYANA,0,0,18,0.0,3.3625878476075186e-05,6,-8.393428148344269,-8,-3.9775657653808594,-7.482982158660889,-7.800685882568359
FPVYGYFEIR,0,0,22,0.0,9.390525045597402e-06,9,-6.553133919380149,-3,-3.302959680557251,-9.136252403259277,-8.922880172729492
YNMSHPYANS,0,0,25,0.0,2.9631701653804528e-05,8,-8.210997667812471,-9,-4.90676736831665,-14.883655548095703,-16.593542098999023
YHNCGLYVFR,0,0,170,0.0,7.733181581017131e-05,8,-9.594918278802986,-5,-4.385456085205078,-11.349711418151855,-10.744213104248047
WILCGLYQLR,0,0,4,0.0,1.8195721367099132e-06,7,-4.185527342665284,-12,-5.116523742675781,-16.56644630432129,-10.129783630371094
WYMCDFFKNR,0,0,19,0.0,8.109998903015938e-06,8,-6.341629814186437,-12,-8.735801696777344,-17.218191146850586,-21.37413215637207
WMDDSMYPFN,0,0,49,0.0,4.829399015788192e-05,7,-8.915699856912777,-4,-5.017531394958496,-4.890612602233887,-6.839195251464844
YRGISLYTHL,0,0,4,0.0,7.472417439127818e-06,8,-6.223503146901956,-9,-1.589895248413086,-9.027399063110352,-9.840243339538574
WGNGSFYEHP,0,0,90,0.0,0.0001681293923803,6,-10.71535624323098,-5,-5.7013092041015625,-6.812626838684082,-7.221926212310791
WNESSPFELE,0,0,125,0.0,0.000148158508269,9,-10.532925762699614,0,-1.8160830736160278,-6.984107494354248,-6.6992998123168945
FLECSMYPFD,0,0,10,0.0,9.855916358751412e-06,8,-6.6229181076849315,-9,-3.86586332321167,0.5856094360351562,4.203765869140625
FGKCSPFLFK,0,0,28,0.0,1.195157733076033e-05,9,-6.901057222800455,-7,-7.5400166511535645,-13.330568313598633,-11.222786903381348
FASVSLYAIP,0,0,54,0.0,5.322194833725763e-05,8,-9.055877514961038,-2,-2.644890308380127,-8.340276718139648,-10.396804809570312
WMDNSMYEFP,0,0,206,0.0,0.0002030318769902,8,-10.987490539980223,-5,-7.474691390991211,-7.885010719299316,-8.943737030029297
WGIFSLYVIP,0,0,15,0.0,6.40263071290732e-06,7,-6.00059289635137,-7,-4.601935386657715,-10.408164024353027,-11.876687049865723
FIIVGYYINA,0,0,3,0.0,3.5558041984565437e-06,8,-5.152103978758904,-12,-2.5016417503356934,-8.311827659606934,-10.316947937011719
YSVINHFAHN,0,0,76,0.0,3.243999561206375e-05,9,-8.341629814186437,-3,0.11616373062133789,-9.261865615844727,-11.531792640686035
YVQVDSFVLN,0,0,4,0.0,1.7073681901086184e-06,10,-4.0937023007428515,-3,-1.6573750972747803,-8.08338737487793,-5.297353744506836
WRHSDYYLFI,0,0,2,0.0,8.536840950543092e-07,8,-3.093702300742851,-6,-3.3023810386657715,-10.81368350982666,-9.518241882324219
WFQIHFYLFV,0,0,47,0.0,2.0061576233776268e-05,7,-7.648291152420489,-14,-7.395796298980713,-14.033228874206543,-12.558257102966309
WFVINYFKIR,0,0,12,0.0,5.122104570325855e-06,9,-5.6786648014640075,-5,-7.199951171875,-19.978679656982422,-20.0998477935791
WYISDPFTIS,0,0,49,0.0,2.0915260328830577e-05,9,-7.70841214485806,-8,-2.5930562019348145,-10.152656555175781,-12.258654594421387
WCVPDPYAFA,0,0,48,0.0,2.048841828130342e-05,7,-7.678664801464008,-14,-6.4337568283081055,-11.150569915771484,-10.239166259765625
YAPVGFYTIH,0,0,12,0.0,2.2417252317383457e-05,7,-7.808465647623113,-3,-1.1453382968902588,-8.67266845703125,-8.88567066192627
WIHFDHFDIP,0,0,34,0.0,1.4512629615923257e-05,9,-7.181165141993191,-10,-2.9086363315582275,-8.604162216186523,-9.246968269348145
FCLSSYFVND,0,0,12,0.0,5.122104570325855e-06,9,-5.6786648014640075,-2,-1.1943721771240234,-8.89419174194336,-11.10171127319336
WLMCSFYPIR,0,0,52,0.0,2.219578647141204e-05,7,-7.794142018883943,-12,-6.562966346740723,-17.991127014160156,-15.415674209594727
YCMCGLYIID,0,0,46,0.0,1.9634734186249108e-05,7,-7.617264256799864,-7,-1.6740121841430664,-10.357924461364746,-7.258989334106445
WNGGSLYQYV,0,0,18,0.0,1.7740649445752544e-05,7,-7.470915014239882,-6,-1.7290949821472168,-9.457351684570312,-5.7638068199157715
YSLVAFYAFI,0,0,21,0.0,9.552753717727045e-06,7,-6.577844765444045,-8,-3.248567819595337,-11.31207275390625,-12.975343704223633
YTQTGFYKYS,0,0,2,0.0,9.097860683549568e-07,7,-3.1855273426652846,-5,-0.2697489261627197,-9.69902515411377,-8.010124206542969
WHNAGFFQHI,0,0,3,0.0,1.364679102532435e-06,7,-3.7704898433864407,-7,-5.093852996826172,-11.543839454650879,-12.942461013793945
YGLARHYEHR,0,0,57,0.0,2.432999670904781e-05,8,-7.926592314907593,-12,-5.949620246887207,-11.05685043334961,-10.752607345581055
WAMSGLYKLN,0,0,19,0.0,3.549398283585714e-05,7,-8.471430660345542,-1,-3.4154765605926514,-10.820741653442383,-8.270963668823242
YILVSFYTID,0,0,3,0.0,5.604313079345864e-06,7,-5.808465647623113,-8,0.49515247344970703,-5.568258285522461,-7.953227996826172
WFICNFYVNG,0,0,25,0.0,1.0671051188178863e-05,7,-6.737558490517576,-13,-6.22727108001709,-16.431907653808594,-21.26921844482422
FLMSRSFNYP,0,0,41,0.0,1.750052394861334e-05,10,-7.451254305360935,-11,-6.877455711364746,-9.020143508911133,-9.935405731201172
WYMSGSYPIM,0,0,34,0.0,4.029911424917416e-05,7,-8.654604319288087,-11,-3.265281915664673,-7.433962821960449,-3.5343832969665527
WGEGSHYHIP,0,0,42,0.0,1.7927365996140495e-05,7,-7.486019723521611,-6,-3.7704570293426514,-4.539897918701172,-2.3299295902252197
WIQNGFYPLS,0,0,10,0.0,4.548930341774783e-06,6,-5.507455437552647,-4,-3.633622169494629,-7.876181125640869,-5.8919677734375
WANLSMYVIP,0,0,3,0.0,2.9567749076254236e-06,8,-4.885952513518726,-4,-6.671939373016357,-12.152332305908203,-12.465763092041016
WDETSLYPFV,0,0,25,0.0,4.670260899454887e-05,8,-8.867359336676682,-8,-4.092333793640137,-3.375201463699341,-4.885430335998535
WANHGMYAFP,0,0,7,0.0,6.899141451125989e-06,6,-6.1083449348551735,-2,-7.366789817810059,-9.99683952331543,-10.647403717041016
WSICNFYPYK,0,0,78,0.0,3.329367970711806e-05,7,-8.3791045196051,-10,-6.244053840637207,-16.862539291381836,-15.468535423278809
WANVDLFIFD,0,0,44,0.0,1.8781050091194805e-05,8,-7.553133919380149,-2,-1.1362600326538086,0.7804214954376221,-2.332831621170044
WGQGDPFLIQ,0,0,42,0.0,4.978125877839162e-05,8,-8.959458900816507,-5,-5.415557861328125,-4.619304656982422,-4.560307502746582
WGIIAFFENS,0,0,7,0.0,3.184251239242348e-06,7,-4.992882264722889,-7,-3.6470084190368652,-7.262465476989746,-10.939785957336426
YCQGGPYTIG,0,0,35,0.0,1.4939471663450412e-05,8,-7.222985317687818,-8,-2.4964544773101807,-9.97021484375,-8.270744323730469
YLNHSFYPLR,0,0,7,0.0,8.29687646306527e-06,8,-6.374496400095351,-4,-3.1584341526031494,-10.674383163452148,-7.514679908752441
WILNRSFVLN,0,0,10,0.0,4.268420475271546e-06,9,-5.415630395630214,-5,-3.2202658653259277,-10.868596076965332,-10.361349105834961
WAMHDLFVFK,0,0,31,0.0,1.3232103473341796e-05,9,-7.047898611129726,-3,-7.3773016929626465,-11.607059478759766,-11.471931457519531
WNVCRLFVHR,0,0,5,0.0,2.134210237635773e-06,9,-4.415630395630214,-9,-3.7873241901397705,-20.00762176513672,-17.105491638183594
WIVPDLFPYQ,0,0,4,0.0,1.7073681901086184e-06,9,-4.0937023007428515,-8,-4.339924335479736,-6.325372695922852,-6.488945960998535
WADCGYYHHN,0,0,3,0.0,1.2805261425814638e-06,7,-3.678664801464007,-4,-1.265899896621704,-6.676362991333008,-8.068523406982422
WIDTSMYMNN,0,0,109,0.0,0.0001074294883103,8,-10.069174337573282,-8,-5.092226505279541,-4.649843692779541,-6.181770324707031
WVVCSFYKHI,0,0,234,0.0,0.0002306284427947,7,-11.171354732380454,-15,-5.594304084777832,-19.853057861328125,-20.56154441833496
FGLSGSFDHH,0,0,40,0.0,1.7073681901086186e-05,8,-7.415630395630214,-7,0.16264581680297852,-4.6839704513549805,-3.8066577911376953
WPTTGLFKYL,0,0,5,0.0,2.274465170887392e-06,8,-4.507455437552647,-8,-3.5035042762756348,-11.15149974822998,-8.944260597229004
YADNDHYVFR,0,0,10,0.0,4.268420475271546e-06,9,-5.415630395630214,-2,-2.1182076930999756,-7.200379848480225,-7.766571998596191
FGHASYFNNG,0,0,30,0.0,3.555804198456544e-05,9,-8.474032073646265,-2,-4.369625091552734,-7.738080024719238,-10.018488883972168
YGNIDYFPND,0,0,30,0.0,1.280526142581464e-05,8,-7.00059289635137,1,-0.44605135917663574,-2.992797374725342,-5.6457133293151855
WHLYSFFMNH,0,0,164,0.0,7.000209579445334e-05,8,-9.451254305360935,-10,-6.192773342132568,-16.83655548095703,-16.513919830322266
WIKASLYKFL,0,0,2,0.0,1.9711832717502826e-06,8,-4.30099001279757,-13,-7.143218994140625,-16.778106689453125,-12.895529747009277
FGDDHFFENT,0,0,53,0.0,6.28192075060656e-05,7,-9.295061932600946,-3,-3.1999032497406006,-7.83302116394043,-7.677533149719238
WVVPGFYVNT,0,0,17,0.0,7.733181581017131e-06,6,-6.272990183915624,-10,-3.1846907138824463,-9.86900520324707,-8.008419036865234
WIEFGFYLNT,0,0,110,0.0,9.947612256543494e-05,6,-9.95820646427125,-13,-4.541721343994141,-12.411066055297852,-13.172428131103516
WDNCGMYPNT,0,0,69,0.0,3.138761935824601e-05,7,-8.294051799443453,-8,-4.4534807205200195,-10.08492660522461,-13.055925369262695
YNEINPFIIT,0,0,90,0.0,3.841578427744392e-05,10,-8.585555397072527,-5,-3.0100786685943604,-11.035900115966797,-10.25204086303711
WSEFHFYVIG,0,0,8,0.0,3.4147363802172368e-06,7,-5.0937023007428515,-7,-3.891225814819336,-11.276363372802734,-12.583693504333496
WSVFSLYQLN,0,0,7,0.0,1.3076730518473683e-05,8,-7.030858068959561,-4,-0.17854857444763184,-9.568260192871094,-7.535083293914795
FKVCGMYAIP,0,0,111,0.0,0.0001094006715821,7,-10.09540587914714,-7,-6.339696884155273,-15.41244888305664,-14.040434837341309
YDVRGFFTNV,0,0,8,0.0,3.6391442734198264e-06,8,-5.185527342665284,-6,-2.69804048538208,-6.093418121337891,-9.395153045654297
WAVVDPYIYP,0,0,4,0.0,1.7073681901086184e-06,8,-4.0937023007428515,-14,-1.1609611511230469,-4.993658065795898,-7.453441143035889
YLAVGFFMLL,0,0,2,0.0,1.8086567739169989e-06,8,-4.1768467507465905,-5,-3.550410032272339,-12.24941635131836,-8.90300178527832
WCKYRPFVFP,0,0,6,0.0,7.111608396913087e-06,9,-6.152103978758904,-12,-8.212055206298828,-19.91691780090332,-14.551400184631348
WGIYGFYEHG,0,0,4,0.0,4.741072264608725e-06,5,-5.5671414780377475,-11,-2.3277180194854736,-7.124238014221191,-10.524524688720703
WHLCGFFMLS,0,0,2,0.0,2.3705361323043624e-06,7,-4.5671414780377475,-5,-4.636224746704102,-17.191795349121094,-15.683186531066895
FGPAGMYPFL,0,0,56,0.0,5.519313160900791e-05,7,-9.108344934855172,-8,-6.214663505554199,-8.744424819946289,-5.4278411865234375
WDHFRFFKLM,0,0,17,0.0,7.2563148079616275e-06,8,-6.181165141993191,-7,-8.67526912689209,-14.59414291381836,-16.44561767578125
YGQTRHFPHV,0,0,13,0.0,1.5408484859978358e-05,9,-7.26758119617884,-7,-5.049435615539551,-11.473938941955566,-9.833622932434082
YHISHHFIFL,0,0,3,0.0,1.2805261425814638e-06,10,-3.678664801464007,-9,-4.811341285705566,-16.326622009277344,-13.277099609375
WNIDAFYQNG,0,0,9,0.0,4.094037307597306e-06,6,-5.355452344107597,-8,-5.355355262756348,-8.960189819335938,-11.702428817749023
WCMLGYYNHV,0,0,83,0.0,3.5427889944753834e-05,7,-8.468741732089777,-14,-4.796045303344727,-13.284542083740234,-16.018268585205078
YPTIAFYLYP,0,0,44,0.0,2.001529350380905e-05,8,-7.644958961302582,-8,-3.0845446586608887,-11.471229553222656,-6.438899040222168
WHIGAFYKIP,0,0,22,0.0,1.0007646751904523e-05,7,-6.6449589613025815,-8,-7.6041340827941895,-11.227094650268555,-11.845897674560547
FLINAFYMNR,0,0,9,0.0,8.138955482626495e-06,8,-6.346771752188903,-11,-7.537691116333008,-14.13145637512207,-15.724955558776855
WVVYDSYAFK,0,0,8,0.0,3.4147363802172368e-06,7,-5.0937023007428515,-13,-4.113133907318115,-8.201099395751953,-9.444746017456055
WDKDSYYDLR,0,0,10,0.0,4.268420475271546e-06,7,-5.415630395630214,-2,1.840012550354004,-5.099444389343262,-5.099078178405762
CCNIRFYAYP,0,0,8,0.0,3.4147363802172368e-06,7,-5.0937023007428515,-12,-5.331116199493408,-9.275550842285156,-16.391538619995117
WYNGDPFINR,0,0,27,0.0,1.1524735283233176e-05,9,-6.84858980290632,-11,-5.399400234222412,-11.024063110351562,-11.447340965270996
FRGGAFYALI,0,0,48,0.0,2.183486564051896e-05,6,-7.77048984338644,-3,-5.565705299377441,-7.158840179443359,-7.048624038696289
FHGSAFFVHT,0,0,17,0.0,7.733181581017131e-06,8,-6.272990183915624,-1,-3.8038041591644287,-9.958460807800293,-8.554754257202148
YCVGGSYPHI,0,0,5,0.0,2.134210237635773e-06,8,-4.415630395630214,-13,-2.8771653175354004,-1.1787476539611816,0.0687251091003418
YPICAMYMLI,0,0,6,0.0,2.72935820506487e-06,9,-4.77048984338644,-9,-8.293317794799805,-18.50764274597168,-14.513489723205566
YTPFALYQIL,0,0,37,0.0,1.68310422645667e-05,9,-7.394980708294234,-9,-4.462702751159668,-12.523616790771484,-9.936836242675781
WAGFGFYPHI,0,0,2,0.0,1.9711832717502826e-06,5,-4.30099001279757,-9,-4.28854513168335,-8.936649322509766,-8.828569412231445
WSELHSYPFV,0,0,20,0.0,8.536840950543093e-06,8,-6.415630395630214,-14,-3.298171043395996,-9.51374340057373,-6.698343753814697
WNVLHLYPFV,0,0,12,0.0,5.122104570325855e-06,8,-5.6786648014640075,-13,-5.090342044830322,-9.662946701049805,-6.991769790649414
WGEGGYFTIP,0,0,15,0.0,6.40263071290732e-06,7,-6.00059289635137,3,-3.8838706016540527,-6.0405144691467285,-6.152284622192383
YPVYGFYKFH,0,0,118,0.0,0.0001162998130332,7,-10.183633062158584,-8,-3.030867576599121,-10.460206985473633,-7.680654525756836
WYMPGYYTIG,0,0,12,0.0,5.122104570325855e-06,7,-5.6786648014640075,-4,-2.6251063346862793,-8.632467269897461,-10.978395462036133
WLKYHPFDLE,0,0,11,0.0,4.695262522798701e-06,9,-5.553133919380149,-10,-4.476128578186035,-7.292523384094238,-5.574292182922363
YNNGSLYLHP,0,0,58,0.0,5.716431488075821e-05,9,-9.158971007925144,-3,-3.3424060344696045,-6.494573593139648,-11.979162216186523
WSPLGMYTYQ,0,0,8,0.0,7.88473308700113e-06,7,-6.30099001279757,-7,-1.3942911624908447,-9.922576904296875,-6.767001628875732
WRQDDHFVFR,0,0,23,0.0,2.726116552150017e-05,8,-8.09070343409476,-5,-6.4542436599731445,-10.302861213684082,-10.715563774108887
YSVISHFAYG,0,0,52,0.0,2.219578647141204e-05,9,-7.794142018883943,-4,1.176344394683838,-6.846419334411621,-8.938850402832031
WILRDHYTFD,0,0,9,0.0,1.0667412595369631e-05,7,-6.73706647948006,-12,-0.7111217975616455,-0.9707269668579102,-5.206898212432861
WLMHGFFHHD,0,0,57,0.0,2.432999670904781e-05,6,-7.926592314907593,-9,-4.981789588928223,-6.983024597167969,-9.245760917663574
YIDNGSFHIQ,0,0,78,0.0,3.329367970711806e-05,9,-8.3791045196051,-2,-1.886582851409912,-8.749852180480957,-6.900748252868652
WTGLGFYMIT,0,0,4,0.0,7.472417439127818e-06,5,-6.223503146901956,-7,-4.876677513122559,-11.757392883300781,-10.69153881072998
WRNPAFYVYF,0,0,13,0.0,5.9136094443072175e-06,7,-5.885967060806377,-7,-5.5027666091918945,-13.979742050170898,-14.217220306396484
WLSAGLYAIP,0,0,2,0.0,9.097860683549568e-07,6,-3.1855273426652846,-6,-3.0445613861083984,-6.942344665527344,-10.822763442993164
YPDDGHYNFE,0,0,46,0.0,1.9634734186249108e-05,7,-7.617264256799864,-2,-0.12122845649719238,-0.4318985939025879,-2.914309501647949
WSNVSSFTNR,0,0,19,0.0,8.109998903015938e-06,9,-6.341629814186437,-6,-4.5909247398376465,-10.980124473571777,-13.091028213500977
WAPGGFYANI,0,0,19,0.0,1.8726241081627687e-05,5,-7.548917526241155,-8,-3.4823803901672363,-6.714104652404785,-11.977402687072754
WVGGSLYPHN,0,0,13,0.0,2.4285356677165412e-05,7,-7.923942865043049,-6,-1.7013448476791382,-5.096622467041016,-3.962634325027466
WGEGSFYKYV,0,0,16,0.0,2.988966975651128e-05,6,-8.223503146901956,-8,-3.8748836517333984,-4.797938823699951,-3.7900776863098145
FHVRGFFKLL,0,0,78,0.0,3.548165666584331e-05,8,-8.470929561527532,-6,-4.190439224243164,-15.160192489624023,-11.166374206542969
WGVLSHFNLT,0,0,6,0.0,2.561052285162928e-06,8,-4.6786648014640075,-6,-3.7701499462127686,-9.916473388671875,-10.693260192871094
WGRISMYALN,0,0,21,0.0,2.0697424353377966e-05,6,-7.69330743557633,-2,-5.077996253967285,-5.498111724853516,-8.534729957580566
FNVNGFYVHP,0,0,6,0.0,1.1208626158691729e-05,7,-6.808465647623113,-4,-3.7529945373535156,-7.121995449066162,-8.233299255371094
WHVISFYTHA,0,0,63,0.0,6.20922730601339e-05,7,-9.278269936297486,-12,-2.914278984069824,-13.068549156188965,-13.534355163574219
WLVPRPFALR,0,0,81,0.0,3.457420584969953e-05,8,-8.433552303627476,-11,-4.93325138092041,-7.249189376831055,-4.8287811279296875
WMRCSMYQHD,0,0,3,0.0,2.9567749076254236e-06,7,-4.885952513518726,-11,-6.984166622161865,-12.587102890014648,-12.890533447265625
YLAGGFYLFV,0,0,2,0.0,1.9711832717502826e-06,7,-4.30099001279757,-7,-4.227087020874023,-6.061953544616699,-2.9845824241638184
WSQDNYFPNR,0,0,9,0.0,3.841578427744392e-06,8,-5.263627302185164,-1,-5.2970123291015625,-10.655084609985352,-11.036727905273438
YRGNGLYVLE,0,0,22,0.0,2.168301598925311e-05,7,-7.760421631434867,5,-0.0009715557098388672,-3.917677879333496,-2.725996494293213
WPIDSSFHNP,0,0,3,0.0,1.2805261425814638e-06,8,-3.678664801464007,-10,-6.642009735107422,-4.458035945892334,-4.243675231933594
YGVFHFFHLT,0,0,5,0.0,2.134210237635773e-06,8,-4.415630395630214,-4,-3.13751220703125,-12.221403121948242,-12.16073226928711
WLRTSLYVFP,0,0,3,0.0,2.9567749076254236e-06,8,-4.885952513518726,-8,-4.256547451019287,-10.275747299194336,-9.786169052124023
WSKIGMYVNV,0,0,79,0.0,0.0001475802444227,7,-10.527283895078332,-10,-6.338688850402832,-12.026580810546875,-12.461894989013672
WDNHRFYKLN,0,0,5,0.0,5.9263403307609065e-06,7,-5.88906957292511,-2,-4.186844348907471,-9.290365219116211,-12.23271369934082
YQTPGLFQNV,0,0,8,0.0,7.234627095667995e-06,9,-6.1768467507465905,-6,-2.8992326259613037,-9.306142807006836,-6.742090225219727
WPETGHFIHV,0,0,46,0.0,1.9634734186249108e-05,8,-7.617264256799864,-9,-4.920844078063965,-8.8526611328125,-10.539501190185547
WTDFAFYQIT,0,0,5,0.0,2.274465170887392e-06,7,-4.507455437552647,-7,-5.207932472229004,-10.956061363220215,-12.357465744018555
FPVSGSFTIH,0,0,28,0.0,1.195157733076033e-05,9,-6.901057222800455,-3,-0.6474566459655762,-2.903886079788208,-2.050797939300537
FGNPGFYQIQ,0,0,3,0.0,1.2805261425814638e-06,6,-3.678664801464007,0,-4.816922187805176,-8.845044136047363,-7.689208984375
YTMDGLYQFD,0,0,3,0.0,1.2805261425814638e-06,6,-3.678664801464007,-4,1.1538422107696533,-0.034912109375,0.9650368690490723
WFVNNPFAIR,0,0,15,0.0,6.40263071290732e-06,8,-6.00059289635137,-7,-8.738691329956055,-12.569552421569824,-13.511860847473145
YCETRSYVFQ,0,0,44,0.0,1.8781050091194805e-05,9,-7.553133919380149,-8,-4.751421928405762,-5.603002548217773,-6.580819606781006
WHVCGPFKYE,0,0,14,0.0,5.975788665380165e-06,8,-5.901057222800455,-9,-5.6472554206848145,-13.69162654876709,-11.173670768737793
WKPLGLFMYS,0,0,8,0.0,3.6391442734198264e-06,8,-5.185527342665284,-7,-4.441003322601318,-15.21875,-12.4623384475708
FDLHDSFEIA,0,0,10,0.0,4.268420475271546e-06,10,-5.415630395630214,-7,-3.241391181945801,-6.774611473083496,-6.148336410522461
WHNVSFFKFV,0,0,11,0.0,1.3037948727673996e-05,8,-7.026573096675045,-6,-5.536357879638672,-14.888899803161621,-14.027570724487305
WSLPNLYVFT,0,0,2,0.0,8.536840950543092e-07,8,-3.093702300742851,-6,-4.3371171951293945,-9.690495491027832,-9.689250946044922
WVMYSFYNNR,0,0,4,0.0,1.7073681901086184e-06,7,-4.0937023007428515,-15,-5.854583263397217,-16.504823684692383,-16.56315803527832
WPMPGMYKLM,0,0,21,0.0,3.923019155542105e-05,7,-8.615820569680718,-8,-9.15257453918457,-15.852028846740723,-13.180280685424805
WSNNSFYLNG,0,0,127,0.0,5.420894003594864e-05,7,-9.082386987515015,-3,-3.9863903522491455,-10.30782413482666,-11.140735626220703
FAMVGHYMYP,0,0,2,0.0,8.536840950543092e-07,8,-3.093702300742851,-9,-5.145587921142578,-12.337114334106445,-10.823768615722656
WMRNALYPHM,0,0,31,0.0,1.4101684059501829e-05,8,-7.13972365305216,-10,-8.415307998657227,-15.60941219329834,-15.776619911193848
WSECRHFPIK,0,0,8,0.0,3.4147363802172368e-06,9,-5.0937023007428515,-6,-6.323164939880371,-15.704662322998047,-14.578302383422852
FITISLYVID,0,0,96,0.0,9.461679704401356e-05,8,-9.885952513518726,-7,0.1816844940185547,-1.8547663688659668,-4.37530517578125
WHVVGMFQIW,0,0,137,0.0,0.0001238929890133,8,-10.27487883370695,-9,-8.12213134765625,-15.17409610748291,-15.265585899353027
WFQCSPFLLS,0,0,85,0.0,3.628157403980814e-05,9,-8.503093236880552,-8,-3.844221353530884,-13.265817642211914,-10.438871383666992
WNSGAFYTNA,0,0,22,0.0,1.9895224513086987e-05,7,-7.636278369383888,-5,-0.9951941967010498,-3.5290963649749756,-4.049272537231445
WNRDGFYKYR,0,0,96,0.0,4.366973128103792e-05,5,-8.770489843386441,-6,-3.899373769760132,-11.121835708618164,-8.698371887207031
WFNVDFYVHQ,0,0,85,0.0,0.0001007477856229,7,-9.976532414174942,-9,-4.010593414306641,-11.054758071899414,-13.554216384887695
FRHDNPYPIA,0,0,51,0.0,2.1768944423884887e-05,8,-7.7661276427143475,-9,-5.226779937744141,-8.8439359664917,-5.457213401794434
FRHSGFFVLM,0,0,4,0.0,1.8195721367099132e-06,8,-4.185527342665284,-1,-4.035892963409424,-13.97433853149414,-10.285661697387695
WTVSGMYKYN,0,0,12,0.0,2.2417252317383457e-05,7,-7.808465647623113,-6,1.2153749465942383,-10.282995223999023,-6.075375556945801
YDMTSHFQFA,0,0,57,0.0,2.432999670904781e-05,10,-7.926592314907593,-4,-6.193271160125732,-5.8534440994262695,-9.709466934204102
WIPTSMYKFD,0,0,28,0.0,2.7596565804503955e-05,7,-8.108344934855173,-8,-3.7656145095825195,-1.2345976829528809,-1.2624444961547852
FFKIDYYEYT,0,0,53,0.0,2.26226285189392e-05,9,-7.821622755306051,-8,-2.519458055496216,-9.99154281616211,-7.373454570770264
YGVFDFYANR,0,0,6,0.0,7.111608396913087e-06,6,-6.152103978758904,-9,-4.003254413604736,-9.978693008422852,-13.149188995361328
WTDGGSYKNV,0,0,10,0.0,4.268420475271546e-06,7,-5.415630395630214,-12,-2.26686429977417,-5.265755653381348,-4.647698879241943
FVNYSFYMFD,0,0,29,0.0,2.8582157440379105e-05,7,-8.158971007925143,-6,-3.198573112487793,-9.530843734741211,-12.463839530944824
WLEYDYFMFD,0,0,41,0.0,1.750052394861334e-05,8,-7.451254305360935,-5,-3.7801425457000732,-6.1830735206604,-8.847055435180664
WLRRAFYEHA,0,0,3,0.0,1.364679102532435e-06,7,-3.7704898433864407,-13,-6.057703971862793,-12.104146957397461,-8.585573196411133
YAACGMYEIT,0,0,40,0.0,3.942366543500565e-05,8,-8.622918107684931,-2,-3.1942052841186523,-15.048871994018555,-11.942737579345703
WSTDAFYAHV,0,0,5,0.0,2.274465170887392e-06,5,-4.507455437552647,-7,-4.0452561378479,-7.342910289764404,-12.970817565917969
YNDADSFLFK,0,0,9,0.0,3.841578427744392e-06,10,-5.263627302185164,-3,-4.679858207702637,-5.630214691162109,-7.804224014282227
WCQLSYFAYG,0,0,32,0.0,3.79285781168698e-05,8,-8.567141478037748,-5,-5.471436500549316,-11.762613296508789,-12.681957244873047
YCVGNLFTNT,0,0,22,0.0,9.390525045597402e-06,10,-6.553133919380149,-5,-3.7322230339050293,-10.634082794189453,-14.350777626037598
FVDPRSYVHR,0,0,8,0.0,3.4147363802172368e-06,9,-5.0937023007428515,-12,-4.455665588378906,-9.606172561645508,-7.2567243576049805
WCQSDYFNLN,0,0,13,0.0,5.54894661785301e-06,9,-5.794142018883943,1,-1.6260831356048584,-12.221460342407227,-12.301916122436523
WNLDDPFVHE,0,0,27,0.0,1.1524735283233176e-05,8,-6.84858980290632,-6,-2.731534957885742,-6.966927528381348,-8.794878959655762
WGPNSLYQNT,0,0,19,0.0,3.549398283585714e-05,7,-8.471430660345542,-5,-3.905559539794922,-8.081022262573242,-8.706619262695312
WYVTRHYPHI,0,0,49,0.0,5.807813524145688e-05,8,-9.181851322152957,-16,-5.845437049865723,-13.095376968383789,-15.581141471862793
WCECNPYIHN,0,0,2,0.0,8.536840950543092e-07,8,-3.093702300742851,-14,-4.611354827880859,-7.872243404388428,-15.742592811584473
FRANALFKNA,0,0,22,0.0,1.0007646751904523e-05,10,-6.6449589613025815,-2,-4.389673709869385,-13.80693244934082,-12.445842742919922
WYDCNSYQYV,0,0,22,0.0,9.390525045597402e-06,8,-6.553133919380149,-14,-4.871268272399902,-7.807039737701416,-10.329294204711914
FFMCDPFINR,0,0,5,0.0,2.134210237635773e-06,10,-4.415630395630214,-15,-8.236370086669922,-18.76483917236328,-13.267118453979492
FDNYHLYQNT,0,0,3,0.0,3.5558041984565437e-06,9,-5.152103978758904,-9,-2.888151168823242,-11.37216567993164,-11.69066047668457
FGSTSMYQYL,0,0,27,0.0,2.661097416862881e-05,8,-8.055877514961038,-6,-2.3977370262145996,-10.442362785339355,-7.340323448181152
FAITRHFDHR,0,0,6,0.0,2.561052285162928e-06,10,-4.6786648014640075,-10,-6.158117294311523,-10.565608024597168,-11.525650024414062
FCKLRFYTFV,0,0,9,0.0,3.841578427744392e-06,8,-5.263627302185164,-13,-5.060234546661377,-17.29817008972168,-11.528399467468262
YAMYGMYPIA,0,0,22,0.0,2.168301598925311e-05,8,-7.760421631434867,-6,-4.237583160400391,-12.967729568481445,-9.694256782531738
WGSDALFLFP,0,0,11,0.0,5.0038233759522624e-06,7,-5.644958961302582,1,-3.9966416358947754,-6.646239280700684,-5.412040710449219
FTQFHYFNLT,0,0,60,0.0,2.561052285162928e-05,10,-8.00059289635137,-3,-2.8229856491088867,-15.773762702941895,-13.21023178100586
FDKRDLYNYT,0,0,45,0.0,1.920789213872196e-05,9,-7.585555397072526,-9,-3.396489381790161,-4.310428619384766,2.4564619064331055
YFNCRLYEIT,0,0,3,0.0,3.5558041984565437e-06,9,-5.152103978758904,-7,-4.082035541534424,-15.129560470581055,-12.958742141723633
FHRDGMFANG,0,0,42,0.0,1.910550743545409e-05,7,-7.577844765444045,-3,-4.77858829498291,-11.655637741088867,-8.37589168548584
WHIANFYLHR,0,0,5,0.0,2.134210237635773e-06,7,-4.415630395630214,-13,-7.9183573722839355,-14.560848236083984,-15.590475082397461
WDNHGFFTFT,0,0,30,0.0,1.280526142581464e-05,7,-7.00059289635137,0,-2.918243885040283,-5.553013801574707,-8.705069541931152
FFMCNHFTIT,0,0,21,0.0,8.963682998070248e-06,10,-6.486019723521611,-6,-7.334652900695801,-20.42340660095215,-17.09714698791504
FNTRAFFQYA,0,0,36,0.0,1.6376149230389223e-05,9,-7.355452344107597,-4,-5.308198928833008,-12.270017623901367,-10.19161605834961
WLDGRHYTFA,0,0,3,0.0,1.2805261425814638e-06,8,-3.678664801464007,-11,-5.661681175231934,-4.805861949920654,-5.114026069641113
WRHNGFYAHT,0,0,52,0.0,5.125076506550735e-05,5,-9.001429730938662,-6,-4.117502689361572,-11.888769149780273,-16.596834182739258
WIIFGHFPNH,0,0,3,0.0,1.2805261425814638e-06,8,-3.678664801464007,-13,-5.232473373413086,-10.948835372924805,-11.360424995422363
WIDCGFFAHS,0,0,51,0.0,2.1768944423884887e-05,6,-7.7661276427143475,-7,-4.1654205322265625,-11.597734451293945,-14.934709548950195
WADASFYQYE,0,0,19,0.0,3.549398283585714e-05,7,-8.471430660345542,-3,-2.08525013923645,-5.848477363586426,-5.99188232421875
FFMIGYFAHR,0,0,14,0.0,5.975788665380165e-06,8,-5.901057222800455,-6,-7.58584451675415,-12.9427490234375,-11.822574615478516
WDGSSFYANK,0,0,27,0.0,2.661097416862881e-05,5,-8.055877514961038,-4,-2.335914134979248,-5.300038814544678,-10.539624214172363
FFQVDFFANE,0,0,24,0.0,1.024420914065171e-05,8,-6.6786648014640075,-5,-3.5668623447418213,-7.7750396728515625,-10.917638778686523
WRTDGMFKYG,0,0,106,0.0,9.585880901760096e-05,7,-9.90476720530979,-4,-5.6969804763793945,-14.000383377075195,-13.057884216308594
FSLTDHFIIR,0,0,14,0.0,5.975788665380165e-06,10,-5.901057222800455,-5,-3.5772950649261475,-10.580913543701172,-11.44027328491211
WNPDNLYEIP,0,0,7,0.0,1.3076730518473683e-05,7,-7.030858068959561,-3,-3.6018550395965576,-8.576292037963867,-8.92367172241211
WHVRSMYVFD,0,0,24,0.0,2.3654199261003393e-05,7,-7.885952513518726,-7,-4.121187210083008,-7.391107082366943,-6.33417272567749
FINNSFYPIN,0,0,18,0.0,3.3625878476075186e-05,8,-8.393428148344269,-1,-2.292894124984741,-10.122815132141113,-9.275007247924805
FLVLHHYQLL,0,0,87,0.0,3.713525813486245e-05,9,-8.53664579659158,-16,-3.612576961517334,-11.610164642333984,-8.459184646606445
YGINSLFDNS,0,0,40,0.0,1.7073681901086186e-05,9,-7.415630395630214,-2,-1.646892786026001,-7.367618083953857,-12.476605415344238
WGTRGLFKIP,0,0,9,0.0,4.094037307597306e-06,7,-5.355452344107597,-2,-4.930285453796387,-10.686237335205078,-9.947872161865234
WDALAMFPYS,0,0,77,0.0,3.5026763631665835e-05,9,-8.452313883360185,-4,-4.723997592926025,-7.569529056549072,-7.268379211425781
FFISGSYVYR,0,0,121,0.0,0.0001434174360044,8,-10.486004715312202,-11,1.144761085510254,-7.926687240600586,-2.3741111755371094
WGPCAFFLFR,0,0,92,0.0,4.1850159144328006e-05,7,-8.709089298722297,-5,-8.822284698486328,-16.35811996459961,-11.735124588012695
FTMSAFFALV,0,0,37,0.0,1.68310422645667e-05,8,-7.394980708294234,-2,-4.756656169891357,-9.451631546020508,-6.101193428039551
FCIHRPFHNP,0,0,119,0.0,5.0794203655731394e-05,10,-8.988520064050794,-15,-6.532564163208008,-14.037698745727539,-12.512529373168945
FNNRRYFLLD,0,0,10,0.0,4.268420475271546e-06,9,-5.415630395630214,4,-2.1185219287872314,-5.17097282409668,-2.477492332458496
WKPCGFYAYT,0,0,16,0.0,1.4469254191335993e-05,5,-7.1768467507465905,-9,-3.683208703994751,-15.499198913574219,-18.640596389770508
WSLCRHFMFQ,0,0,41,0.0,1.750052394861334e-05,9,-7.451254305360935,-8,-9.17103385925293,-19.482162475585938,-17.682756423950195
WPHVAFFMHF,0,0,84,0.0,3.821101487090818e-05,8,-8.577844765444045,-10,-6.065610885620117,-15.557212829589844,-17.660518646240234
WGTGAMYMFP,0,0,89,0.0,4.048548004179557e-05,7,-8.661260773631682,-5,-8.053788185119629,-10.964020729064941,-8.85456371307373
FSMCHLFMHR,0,0,23,0.0,9.817367093124556e-06,10,-6.617264256799864,-9,-6.355245590209961,-21.761592864990234,-17.089139938354492
YTHHSHFAHR,0,0,4,0.0,4.741072264608725e-06,9,-5.5671414780377475,-5,-3.8836522102355957,-14.334131240844727,-14.553290367126465
YDSAALYKYA,0,0,127,0.0,0.0001148497051437,9,-10.165531437518387,-5,-0.29741787910461426,-5.944598197937012,-4.909891128540039
FSILGLFPFG,0,0,6,0.0,2.561052285162928e-06,9,-4.6786648014640075,-6,-0.8595075607299805,-3.7967400550842285,-1.01716947555542
FCVHHPYVLV,0,0,51,0.0,6.0448671373761254e-05,9,-9.239566820009244,-13,-5.430595397949219,-17.233625411987305,-13.239808082580566
FDGPGLFEYP,0,0,33,0.0,1.5011470127856784e-05,8,-7.2299214620237375,-1,-4.201916217803955,-7.159438133239746,-6.264614105224609
WYLSRYFLYQ,0,0,17,0.0,7.2563148079616275e-06,9,-6.181165141993191,-5,-4.827937126159668,-16.126686096191406,-14.918333053588867
FTECNPFDNA,0,0,3,0.0,1.2805261425814638e-06,10,-3.678664801464007,-13,-4.016249656677246,-13.09528923034668,-11.775894165039062
FFISNHFELP,0,0,9,0.0,3.841578427744392e-06,10,-5.263627302185164,-4,-6.103102684020996,-11.356047630310059,-10.213006973266602
WMKIGFYVHV,0,0,49,0.0,4.829399015788192e-05,6,-8.915699856912777,-13,-6.383823394775391,-15.402240753173828,-15.278937339782715
FGSLGFYLLV,0,0,102,0.0,0.0001005303468592,6,-9.97341535476814,-5,-3.7941842079162598,-6.917070388793945,-4.37753963470459
WGPCGFFKYL,0,0,73,0.0,3.320719149495592e-05,6,-8.375351901545303,-8,-6.257798671722412,-14.903648376464844,-14.058897972106934
YDMSGSYTNR,0,0,32,0.0,1.3658945520868949e-05,8,-7.0937023007428515,-8,1.13714599609375,-5.362062454223633,-4.794492721557617
SFEGSYYMNG,0,0,3,0.0,1.2805261425814638e-06,9,-3.678664801464007,-10,-4.217676162719727,-3.6184632778167725,-4.274949073791504
FQHVGFYTHP,0,0,13,0.0,2.4285356677165412e-05,7,-7.923942865043049,-9,-3.489422559738159,-10.531872749328613,-9.516191482543945
FAKSSFYVLT,0,0,3,0.0,5.604313079345864e-06,8,-5.808465647623113,0,-4.297581672668457,-13.56530475616455,-9.829203605651855
YRTCSFYQIT,0,0,58,0.0,0.0001083500528673,8,-10.08148414202882,-6,-4.342690944671631,-17.976896286010742,-14.198665618896484
WPHSDSYPFN,0,0,12,0.0,5.122104570325855e-06,8,-5.6786648014640075,-7,3.0484695434570312,-1.6528420448303223,-2.928612232208252
WIVHRFYHHE,0,0,17,0.0,7.2563148079616275e-06,7,-6.181165141993191,-12,-4.920882225036621,-11.75724983215332,-14.98420524597168
YAHCALFVNA,0,0,18,0.0,8.188074615194611e-06,10,-6.355452344107597,-4,-2.2965035438537598,-13.889202117919922,-11.079161643981934
YQGSSLYVLP,0,0,7,0.0,6.899141451125989e-06,8,-6.1083449348551735,1,-0.8592591285705566,-7.635199546813965,-5.655883312225342
FTTRGFYQHG,0,0,7,0.0,3.184251239242348e-06,7,-4.992882264722889,-9,-3.781071424484253,-9.792153358459473,-7.151863098144531
WILDHSYPIR,0,0,20,0.0,8.536840950543093e-06,7,-6.415630395630214,-14,-4.750788688659668,-11.045551300048828,-11.182591438293457
WRDFGMFTIS,0,0,16,0.0,7.278288546839653e-06,8,-6.185527342665284,-2,-4.533078193664551,-7.110135555267334,-6.977817535400391
FLENHLFLFH,0,0,2,0.0,8.536840950543092e-07,10,-3.093702300742851,-5,-1.6091651916503906,-4.416707992553711,-3.7027523517608643
FKTDGFYEYV,0,0,67,0.0,6.603463960363447e-05,6,-9.367079203255342,-8,-0.7292277812957764,-8.040708541870117,-6.11691951751709
WCISRPFVFV,0,0,4,0.0,1.7073681901086184e-06,9,-4.0937023007428515,-13,-7.610732078552246,-13.620739936828613,-10.406280517578125
WITTAMFLFT,0,0,5,0.0,2.274465170887392e-06,9,-4.507455437552647,-6,-5.335953235626221,-11.579586029052734,-6.5242919921875
FLTRAFYENT,0,0,5,0.0,2.274465170887392e-06,8,-4.507455437552647,-11,-3.2766900062561035,-7.598830699920654,-6.379917621612549
WRPSSMYPFD,0,0,11,0.0,1.0841507994626556e-05,7,-6.760421631434867,-5,-3.0245113372802734,-2.3418073654174805,-1.3940002918243408
FALANPYVFH,0,0,27,0.0,1.1524735283233176e-05,9,-6.84858980290632,-10,-4.045581817626953,-8.41696548461914,-7.009753227233887
FQVPAMFMIF,0,0,103,0.0,9.314582385672544e-05,10,-9.863347277929808,-5,-7.727109909057617,-11.355561256408691,-6.073696613311768
YPVHDSYAFP,0,0,14,0.0,5.975788665380165e-06,8,-5.901057222800455,-8,-3.8657946586608887,-4.109928131103516,-8.217849731445312
FRIPNPFELL,0,0,35,0.0,1.4939471663450412e-05,10,-7.222985317687818,-10,-5.269218444824219,-9.34300422668457,-6.1198835372924805
FVPRAFYEIR,0,0,34,0.0,1.5466363162034262e-05,8,-7.272990183915624,-8,-6.069798946380615,-11.495464324951172,-8.64286994934082
WSMYHYFENV,0,0,81,0.0,3.457420584969953e-05,9,-8.433552303627476,-8,-5.161587715148926,-11.213422775268555,-9.951624870300293
YLTFSFYKFD,0,0,4,0.0,7.472417439127818e-06,7,-6.223503146901956,-8,-0.8718771934509277,-7.411806106567383,-6.032608985900879
